lien_he,tu_van,bao_gia,demo,qtam,qd,tg,age,size,role,channel,web_time,frac_react,frac_cmt,avg_res,target
0,0,0,0,1,1,0,52,Micro,Manager,FB,290.5,0.141,0.007,2228,Warm
1,1,0,0,1,1,0,52,Medium,Marketing,FB,287.9,0.198,0.013,3712,Warm
1,0,0,0,1,0,0,44,Micro,Engineer,Web,76.1,0.043,0.006,21833,Cold
0,0,0,0,0,0,0,37,Large,Engineer,FB,47.6,0.01,0.003,22317,Cold
0,1,0,0,1,1,1,45,Micro,Procurement,FB,747.9,0.118,0.01,5246,Warm
1,1,1,1,1,1,1,57,Medium,Director,FB,1339.9,0.571,0.127,1227,Hot
1,0,1,0,1,1,1,34,Small,Sales,Web,169.6,0.114,0.08,4934,Warm
0,0,0,0,0,0,0,37,Medium,Assistant,ZALO,55.0,0.023,0.01,72645,Cold
1,1,1,1,1,0,1,60,Enterprise,Founder,FB,1721.7,0.271,0.383,1116,Hot
1,1,1,1,1,0,1,47,Medium,CEO,FB,3234.0,0.86,0.062,1025,Hot
1,1,1,1,1,0,1,63,Medium,Director,Web,3217.3,0.467,0.108,1134,Hot
1,1,1,1,1,1,1,51,Large,Procurement,ZALO,963.0,0.319,0.155,1234,Hot
1,0,0,0,0,0,0,57,Small,Marketing,Web,498.6,0.149,0.059,5277,Warm
0,1,0,0,1,0,0,28,Micro,Manager,ZALO,688.0,0.206,0.013,2169,Warm
0,0,0,0,0,0,1,48,Enterprise,Assistant,FB,80.0,0.027,0.0,28048,Cold
1,1,1,0,1,1,1,53,Medium,Founder,ZALO,606.5,0.443,0.373,1637,Hot
1,1,1,0,1,0,0,28,Enterprise,Director,FB,703.4,0.043,0.049,4719,Warm
1,1,1,0,1,1,1,32,Enterprise,CEO,Web,3185.5,0.453,0.378,1196,Hot
0,0,0,0,0,0,0,36,Small,Engineer,FB,35.5,0.007,0.006,123458,Cold
0,0,0,0,0,1,1,24,Enterprise,Marketing,Web,35.5,0.047,0.009,67637,Cold
0,1,0,0,1,1,0,60,Medium,Manager,FB,326.3,0.226,0.061,1873,Warm
0,0,0,0,0,0,0,51,Medium,Assistant,FB,77.9,0.041,0.0,91039,Cold
1,1,1,0,1,1,1,55,Enterprise,CEO,FB,825.7,0.812,0.364,1147,Hot
0,0,0,0,0,0,0,22,Medium,Marketing,Web,33.7,0.005,0.008,110129,Cold
1,1,1,1,1,0,1,39,Large,CEO,FB,2809.7,0.399,0.374,1672,Hot
1,0,0,0,1,0,0,37,Large,Marketing,ZALO,760.0,0.222,0.022,6006,Warm
0,0,0,0,1,0,0,45,Enterprise,Engineer,FB,18.3,0.049,0.002,73190,Cold
0,0,0,0,1,0,1,27,Large,Marketing,ZALO,10.1,0.022,0.005,144751,Cold
1,1,0,0,1,1,1,32,Medium,Director,ZALO,640.2,0.102,0.057,5141,Warm
0,0,0,0,0,1,0,39,Large,Assistant,ZALO,38.0,0.021,0.006,88075,Cold
1,0,0,1,1,0,0,57,Enterprise,Marketing,FB,758.4,0.195,0.055,2440,Warm
1,1,0,0,1,1,1,32,Large,Manager,Web,2327.0,0.689,0.172,848,Hot
0,0,0,0,1,0,0,47,Small,Marketing,Web,64.6,0.003,0.002,35413,Cold
1,1,1,0,1,1,1,57,Large,Director,ZALO,819.8,0.194,0.041,2723,Warm
1,1,1,0,1,1,1,43,Large,Manager,FB,2740.6,0.326,0.154,1136,Hot
0,0,0,0,0,0,0,41,Enterprise,Sales,ZALO,12.2,0.042,0.004,156712,Cold
1,1,0,1,1,1,1,50,Large,Manager,ZALO,2214.7,0.701,0.326,481,Hot
0,1,0,0,1,1,1,33,Enterprise,Director,FB,827.4,0.16,0.055,1287,Warm
0,1,0,0,1,0,1,49,Medium,Sales,ZALO,771.2,0.133,0.061,1026,Warm
1,1,1,1,1,1,1,29,Medium,Founder,FB,2464.0,0.329,0.205,264,Hot
0,1,0,0,1,1,0,35,Medium,Manager,Web,140.0,0.099,0.056,3674,Warm
1,0,0,0,0,1,1,32,Enterprise,Manager,ZALO,535.5,0.176,0.01,5904,Warm
1,0,0,0,0,1,0,49,Small,Sales,FB,89.4,0.048,0.003,144678,Cold
1,1,1,1,1,1,1,43,Medium,Director,ZALO,1331.6,0.499,0.256,806,Hot
0,0,0,0,0,0,0,37,Enterprise,Engineer,Web,6.2,0.047,0.001,110142,Cold
1,1,0,0,1,0,0,40,Medium,Director,ZALO,489.1,0.147,0.037,6710,Warm
1,1,0,0,1,0,1,36,Small,Procurement,Web,497.7,0.189,0.078,4897,Warm
1,1,0,0,1,1,0,27,Micro,Director,ZALO,664.0,0.058,0.07,4621,Warm
0,0,0,0,0,0,1,36,Large,Assistant,FB,51.1,0.004,0.006,17653,Cold
1,0,0,0,0,0,0,46,Enterprise,Marketing,Web,48.7,0.045,0.003,157878,Cold
1,1,1,1,1,1,1,41,Enterprise,Founder,ZALO,2581.3,0.268,0.094,183,Hot
0,0,0,0,0,0,0,38,Large,Assistant,Web,31.8,0.013,0.008,158209,Cold
1,1,0,0,1,1,0,35,Medium,Director,Web,762.9,0.233,0.038,4439,Warm
1,1,0,0,0,0,0,45,Enterprise,Marketing,FB,191.2,0.242,0.068,5312,Warm
0,1,1,0,1,0,1,53,Medium,Procurement,Web,460.0,0.209,0.078,4450,Warm
0,0,0,0,1,0,0,38,Large,Assistant,ZALO,15.1,0.013,0.001,109552,Cold
1,1,1,0,1,1,1,31,Medium,Procurement,ZALO,2467.9,0.524,0.194,135,Hot
0,0,0,0,0,0,0,35,Small,Engineer,Web,6.6,0.02,0.002,33343,Cold
0,1,0,0,1,0,1,55,Small,Sales,Web,232.8,0.072,0.05,6713,Warm
1,1,1,0,1,1,1,60,Large,CEO,ZALO,2778.2,0.778,0.245,1381,Hot
0,1,0,0,1,0,0,37,Small,Director,ZALO,302.2,0.201,0.008,6700,Warm
1,0,1,0,1,0,1,33,Enterprise,Director,ZALO,798.4,0.222,0.038,4908,Warm
1,1,0,0,1,1,1,32,Large,Director,ZALO,2469.8,0.448,0.06,702,Hot
1,1,1,1,1,1,1,59,Enterprise,CEO,Web,805.3,0.623,0.371,495,Hot
1,0,0,1,1,1,1,27,Medium,Manager,ZALO,399.6,0.125,0.023,3975,Warm
1,0,0,1,1,0,1,34,Small,Sales,Web,318.1,0.086,0.006,7191,Warm
0,1,0,1,1,0,1,41,Large,Marketing,FB,899.5,0.218,0.013,3724,Warm
1,1,0,1,1,0,1,28,Enterprise,Sales,ZALO,725.1,0.081,0.065,2394,Warm
1,1,0,0,1,1,1,27,Medium,Sales,FB,572.1,0.191,0.012,3017,Warm
0,0,0,0,1,1,0,52,Medium,Marketing,ZALO,110.1,0.047,0.01,80969,Cold
1,0,1,0,1,1,1,50,Enterprise,Marketing,FB,736.7,0.033,0.045,4325,Warm
1,0,0,0,1,1,0,60,Medium,Director,FB,625.2,0.17,0.04,6343,Warm
0,0,0,0,1,0,0,26,Small,Marketing,ZALO,57.2,0.034,0.007,145208,Cold
1,0,0,0,1,0,1,27,Medium,Procurement,ZALO,466.9,0.082,0.032,6217,Warm
1,1,0,0,1,1,1,30,Small,Director,FB,159.5,0.103,0.079,7046,Warm
0,1,0,0,1,0,0,25,Medium,Procurement,FB,541.4,0.206,0.013,811,Warm
0,0,0,0,0,0,0,28,Large,Assistant,Web,12.3,0.022,0.004,159225,Cold
0,0,0,0,0,0,0,53,Medium,Sales,Web,115.9,0.003,0.005,108881,Cold
0,1,0,1,1,0,0,60,Medium,Sales,Web,533.8,0.13,0.05,1412,Warm
1,1,0,1,1,1,1,41,Large,Manager,FB,1841.4,0.771,0.178,1524,Hot
0,0,0,0,0,0,1,24,Micro,Assistant,FB,54.7,0.037,0.004,37708,Cold
1,1,0,0,1,1,1,28,Medium,Director,ZALO,394.3,0.157,0.021,5979,Warm
1,0,0,0,1,0,0,60,Enterprise,Director,Web,621.3,0.036,0.075,6280,Warm
0,0,0,0,0,0,0,29,Enterprise,Sales,FB,21.3,0.032,0.0,142662,Cold
0,0,0,0,0,0,0,25,Micro,Marketing,FB,91.8,0.002,0.001,119759,Cold
1,1,0,0,0,0,0,56,Enterprise,Marketing,FB,292.0,0.247,0.009,2274,Warm
0,0,0,0,0,0,0,47,Small,Marketing,ZALO,66.2,0.012,0.006,96442,Cold
1,0,0,0,0,1,0,47,Enterprise,Sales,Web,78.6,0.014,0.004,88736,Cold
1,0,0,0,0,0,0,26,Small,Sales,Web,51.1,0.004,0.009,92601,Cold
0,0,0,0,0,0,0,42,Medium,Marketing,FB,16.8,0.013,0.002,43673,Cold
1,1,1,0,1,1,1,64,Enterprise,Manager,Web,3372.5,0.573,0.265,1309,Hot
1,0,0,0,0,0,0,37,Enterprise,Assistant,ZALO,63.3,0.016,0.005,18513,Cold
0,1,1,0,1,0,1,27,Large,Director,Web,266.8,0.163,0.043,1106,Warm
1,1,1,0,1,0,1,53,Enterprise,Director,Web,243.8,0.112,0.026,3948,Warm
1,1,1,0,1,1,1,49,Medium,Procurement,Web,1759.7,0.339,0.345,1264,Hot
1,1,1,1,1,0,1,53,Medium,Procurement,Web,3414.0,0.382,0.169,1651,Hot
0,0,0,0,1,1,1,25,Large,Engineer,FB,46.7,0.009,0.002,131073,Cold
1,0,0,0,0,0,0,54,Enterprise,Assistant,Web,43.7,0.038,0.001,102354,Cold
0,0,0,0,0,1,0,22,Large,Engineer,Web,87.8,0.048,0.006,121283,Cold
0,1,0,0,1,1,0,48,Large,Engineer,ZALO,62.8,0.021,0.002,55949,Cold
1,1,0,0,1,1,1,63,Medium,Procurement,FB,1455.2,0.722,0.131,1081,Hot
0,0,0,0,0,0,0,21,Large,Assistant,ZALO,62.7,0.012,0.01,101881,Cold
0,0,0,0,1,0,0,22,Medium,Sales,Web,100.6,0.038,0.005,164909,Cold
0,0,0,0,1,0,0,53,Large,Assistant,ZALO,32.3,0.006,0.002,171097,Cold
1,1,1,0,1,1,1,29,Enterprise,Procurement,Web,1325.8,0.258,0.189,1289,Hot
1,0,0,0,1,1,1,57,Enterprise,Manager,ZALO,801.2,0.04,0.034,3658,Warm
0,0,0,0,0,0,0,41,Small,Assistant,ZALO,67.8,0.041,0.002,125398,Cold
1,1,1,0,1,0,1,57,Medium,Director,FB,731.4,0.3,0.046,665,Hot
1,1,0,0,0,0,1,46,Medium,Manager,ZALO,460.8,0.118,0.038,3767,Warm
0,0,0,0,0,0,0,25,Large,Assistant,ZALO,74.3,0.041,0.005,87803,Cold
0,0,0,0,0,0,0,48,Medium,Sales,FB,88.6,0.046,0.006,117617,Cold
1,0,0,0,0,0,0,30,Micro,Marketing,Web,83.0,0.022,0.001,65464,Cold
1,1,1,1,1,1,1,56,Large,Director,ZALO,2889.3,0.58,0.226,845,Hot
0,1,0,0,0,0,0,55,Micro,Engineer,ZALO,86.0,0.011,0.006,132365,Cold
0,0,0,0,0,0,1,40,Medium,Assistant,Web,67.3,0.045,0.009,170769,Cold
0,0,0,0,1,0,0,51,Micro,Engineer,Web,70.8,0.023,0.01,37618,Cold
0,0,1,0,1,1,1,29,Small,Marketing,Web,177.8,0.132,0.044,1651,Warm
1,1,1,1,1,0,1,55,Enterprise,CEO,FB,2154.3,0.378,0.09,1482,Hot
1,0,0,0,0,0,0,55,Medium,Marketing,Web,39.8,0.027,0.005,47806,Cold
1,0,0,1,1,1,0,26,Micro,Manager,Web,721.4,0.088,0.021,5286,Warm
1,1,0,0,1,0,1,50,Medium,Sales,FB,657.1,0.065,0.036,4404,Warm
0,0,0,0,1,0,0,45,Small,Engineer,Web,69.6,0.016,0.005,73716,Cold
0,0,1,1,1,1,1,45,Enterprise,Marketing,FB,715.2,0.14,0.044,4685,Warm
1,1,1,0,1,1,1,43,Medium,Procurement,ZALO,746.0,0.361,0.251,1756,Hot
1,1,1,0,1,1,1,48,Micro,Sales,FB,564.8,0.073,0.046,1202,Warm
1,1,1,0,1,0,0,48,Medium,Director,ZALO,708.9,0.074,0.043,4696,Warm
0,0,0,0,1,0,0,52,Small,Engineer,Web,41.6,0.02,0.006,82042,Cold
1,1,0,0,1,0,0,32,Large,Director,ZALO,741.5,0.19,0.057,818,Warm
0,1,1,0,1,0,0,58,Enterprise,Sales,FB,760.9,0.083,0.048,6338,Warm
0,0,0,0,0,0,0,50,Micro,Marketing,Web,28.8,0.016,0.007,141350,Cold
1,1,0,0,1,1,1,41,Enterprise,Sales,FB,866.7,0.091,0.027,3038,Warm
1,1,1,1,1,1,1,63,Enterprise,Director,ZALO,965.6,0.657,0.17,838,Hot
1,1,1,1,1,1,1,33,Large,Manager,Web,1369.3,0.509,0.105,1133,Hot
0,0,0,0,0,0,0,23,Enterprise,Marketing,Web,31.8,0.005,0.003,127437,Cold
0,0,0,0,0,1,0,50,Large,Marketing,ZALO,41.9,0.032,0.009,27051,Cold
0,1,1,0,1,0,1,27,Large,Sales,FB,850.6,0.242,0.074,906,Warm
0,0,0,0,1,0,1,54,Enterprise,Sales,FB,102.9,0.023,0.002,33129,Cold
0,0,0,0,1,0,0,38,Enterprise,Marketing,FB,75.3,0.032,0.004,115719,Cold
0,1,0,0,1,0,0,40,Large,Marketing,ZALO,355.5,0.189,0.006,5954,Warm
0,1,0,0,1,1,1,44,Micro,Marketing,ZALO,599.4,0.078,0.015,1854,Warm
1,0,0,1,1,1,1,40,Enterprise,Manager,Web,468.5,0.185,0.011,5221,Warm
1,0,0,0,0,0,0,53,Large,Assistant,Web,28.6,0.029,0.001,137391,Cold
0,0,0,0,1,1,0,26,Large,Marketing,FB,701.7,0.157,0.008,3422,Warm
1,0,1,1,1,0,0,33,Large,Marketing,ZALO,469.9,0.232,0.033,1257,Warm
1,1,0,0,0,1,1,39,Micro,Manager,ZALO,481.1,0.188,0.037,3707,Warm
1,1,1,1,1,1,1,35,Medium,Manager,Web,2898.2,0.813,0.036,452,Hot
0,0,0,0,0,1,0,22,Large,Sales,FB,67.1,0.038,0.008,40335,Cold
0,1,0,0,1,1,0,44,Small,Director,FB,442.6,0.091,0.047,5446,Warm
1,1,1,1,1,1,1,50,Enterprise,Manager,Web,1556.2,0.462,0.085,800,Hot
0,0,0,0,0,1,0,49,Micro,Sales,ZALO,69.1,0.007,0.002,56903,Cold
0,0,0,0,0,0,0,23,Medium,Sales,Web,74.6,0.002,0.001,157631,Cold
1,1,1,0,1,0,1,32,Large,Procurement,Web,591.4,0.075,0.074,5122,Warm
0,0,0,0,0,0,0,51,Large,Assistant,Web,59.0,0.042,0.009,100778,Cold
0,0,0,0,1,0,0,46,Medium,Marketing,FB,42.9,0.019,0.008,134488,Cold
1,0,0,0,1,1,0,47,Small,Procurement,Web,546.3,0.07,0.072,5857,Warm
1,1,1,1,1,0,1,31,Medium,Manager,FB,3127.6,0.324,0.292,48,Hot
0,0,0,0,0,1,1,51,Micro,Assistant,Web,68.4,0.001,0.005,75621,Cold
0,1,0,0,1,0,1,58,Small,Procurement,FB,603.4,0.086,0.032,7112,Warm
1,1,0,1,1,1,1,27,Micro,Sales,ZALO,414.2,0.135,0.053,6357,Warm
0,0,0,0,1,0,0,26,Enterprise,Assistant,FB,29.3,0.043,0.009,128249,Cold
1,0,0,0,0,0,0,31,Medium,Assistant,FB,72.5,0.038,0.007,108010,Cold
1,1,1,1,1,1,1,62,Large,Manager,Web,1019.9,0.891,0.298,1055,Hot
1,0,0,0,1,1,1,45,Micro,Marketing,ZALO,502.7,0.108,0.076,4137,Warm
0,0,0,0,1,0,0,24,Micro,Engineer,FB,48.7,0.039,0.002,105737,Cold
0,0,0,0,0,0,0,28,Micro,Marketing,ZALO,56.6,0.028,0.004,10484,Cold
0,0,0,0,1,1,0,46,Large,Assistant,Web,108.6,0.045,0.01,153535,Cold
1,0,0,0,0,0,0,44,Large,Manager,ZALO,316.3,0.084,0.052,5464,Warm
1,0,0,0,1,0,1,53,Medium,Sales,Web,879.9,0.06,0.029,6295,Warm
0,1,0,0,1,0,0,51,Enterprise,Marketing,ZALO,48.2,0.041,0.004,33455,Cold
1,1,0,1,1,0,1,29,Enterprise,Manager,Web,1228.9,0.748,0.338,171,Hot
1,1,1,1,1,1,1,43,Large,Founder,Web,1869.4,0.433,0.196,1254,Hot
1,1,1,0,1,1,0,59,Enterprise,Manager,FB,719.8,0.175,0.032,5900,Warm
1,1,0,1,1,1,0,31,Medium,Procurement,Web,702.5,0.153,0.057,2410,Warm
1,1,0,0,1,0,0,51,Micro,Manager,Web,230.5,0.099,0.039,2294,Warm
1,0,0,0,0,0,1,26,Medium,Manager,Web,744.0,0.235,0.061,4827,Warm
0,0,0,0,1,0,0,31,Small,Sales,ZALO,8.4,0.031,0.002,158842,Cold
0,0,0,0,1,1,1,59,Small,Marketing,ZALO,273.7,0.055,0.055,4609,Warm
1,1,0,0,1,1,1,44,Enterprise,Director,FB,644.2,0.099,0.023,1558,Warm
0,0,0,0,0,0,0,31,Large,Marketing,Web,24.2,0.014,0.002,121827,Cold
1,1,0,0,1,1,1,51,Large,Sales,Web,775.1,0.138,0.011,852,Warm
1,1,1,0,1,0,1,57,Enterprise,Manager,Web,2132.4,0.58,0.129,1142,Hot
1,1,1,1,1,0,1,62,Medium,Manager,FB,2808.0,0.64,0.122,96,Hot
1,1,0,1,1,0,1,47,Enterprise,Sales,FB,600.6,0.203,0.066,7198,Warm
0,0,0,0,0,0,0,38,Enterprise,Engineer,Web,118.3,0.034,0.001,111497,Cold
1,1,1,1,1,0,1,43,Medium,Director,FB,2884.4,0.657,0.211,1212,Hot
1,0,0,0,1,0,1,48,Large,Sales,ZALO,573.9,0.221,0.069,1363,Warm
1,1,0,0,1,0,0,38,Large,Marketing,ZALO,766.1,0.104,0.048,5237,Warm
1,1,1,1,1,1,0,57,Medium,CEO,FB,1923.9,0.151,0.384,444,Hot
1,1,1,1,1,1,1,45,Medium,Director,ZALO,847.3,0.648,0.27,136,Hot
1,1,0,0,1,0,0,33,Enterprise,Procurement,Web,650.4,0.032,0.057,1587,Warm
1,1,1,0,1,0,1,34,Medium,Director,ZALO,3243.0,0.253,0.316,1572,Hot
1,1,1,1,1,0,1,38,Large,Director,Web,1239.2,0.711,0.37,1291,Hot
1,0,0,0,1,0,1,45,Small,Procurement,ZALO,622.8,0.085,0.05,6507,Warm
1,1,1,0,1,1,1,50,Medium,Manager,FB,506.0,0.055,0.042,5465,Warm
1,0,0,0,0,0,0,46,Medium,Marketing,ZALO,114.8,0.039,0.0,21303,Cold
0,0,0,0,1,0,0,52,Large,Sales,Web,51.3,0.032,0.005,43624,Cold
0,0,0,0,0,1,0,45,Enterprise,Assistant,ZALO,85.3,0.036,0.008,18779,Cold
1,0,0,0,0,0,0,31,Micro,Assistant,Web,20.8,0.001,0.005,94486,Cold
1,1,0,0,1,0,1,26,Medium,Sales,ZALO,528.6,0.088,0.078,5740,Warm
0,0,0,0,0,0,0,36,Micro,Assistant,FB,90.2,0.0,0.009,6821,Cold
0,0,0,0,0,1,0,55,Large,Marketing,ZALO,33.6,0.046,0.003,24017,Cold
0,1,0,0,1,0,0,54,Medium,Marketing,ZALO,187.4,0.13,0.033,2988,Warm
1,1,0,0,1,1,0,59,Small,Procurement,FB,847.3,0.035,0.046,5809,Warm
1,1,1,1,1,0,1,47,Medium,Founder,Web,3549.3,0.465,0.386,321,Hot
0,1,1,0,1,0,1,30,Enterprise,Manager,Web,224.1,0.21,0.011,5251,Warm
0,0,0,0,0,1,1,45,Medium,Engineer,ZALO,36.3,0.004,0.002,156877,Cold
0,0,0,0,0,0,0,33,Large,Engineer,ZALO,35.5,0.006,0.002,83348,Cold
1,1,1,0,1,1,1,33,Enterprise,Founder,ZALO,1788.7,0.187,0.141,1709,Hot
1,1,0,1,1,1,1,43,Medium,Manager,FB,3011.7,0.255,0.034,1730,Hot
1,1,1,0,1,1,1,33,Enterprise,Procurement,ZALO,3352.3,0.206,0.399,434,Hot
1,1,1,0,1,1,1,49,Medium,CEO,ZALO,751.9,0.843,0.19,1513,Hot
0,1,0,0,0,0,1,27,Enterprise,Director,Web,311.7,0.095,0.036,5111,Warm
0,0,0,0,1,0,1,59,Micro,Sales,Web,400.1,0.15,0.041,5233,Warm
1,0,0,0,1,1,0,55,Enterprise,Marketing,Web,899.7,0.244,0.013,5981,Warm
0,0,0,0,1,0,1,44,Medium,Marketing,FB,32.2,0.016,0.007,97652,Cold
1,1,0,1,1,1,1,64,Medium,Manager,Web,1527.2,0.518,0.063,506,Hot
0,1,0,0,1,0,0,45,Micro,Manager,FB,577.6,0.232,0.063,4911,Warm
1,1,1,1,1,1,1,34,Large,Director,ZALO,1009.4,0.268,0.381,1651,Hot
1,0,0,0,1,1,0,36,Large,Marketing,Web,657.0,0.058,0.06,6350,Warm
1,1,1,1,1,1,0,48,Enterprise,Founder,Web,2296.7,0.853,0.082,1556,Hot
0,0,0,0,0,1,0,41,Large,Assistant,ZALO,29.1,0.035,0.004,31920,Cold
0,1,0,0,1,1,0,49,Micro,Sales,Web,627.8,0.181,0.017,1203,Warm
1,1,0,0,1,1,0,49,Medium,Manager,FB,2796.0,0.56,0.362,220,Hot
1,0,0,0,1,0,0,47,Small,Assistant,FB,43.1,0.049,0.004,148857,Cold
1,0,0,0,0,1,1,34,Micro,Marketing,FB,453.5,0.095,0.055,5516,Warm
0,0,0,1,1,0,1,55,Large,Marketing,FB,620.7,0.115,0.033,3724,Warm
1,0,0,0,1,0,1,31,Micro,Marketing,Web,442.9,0.196,0.022,1099,Warm
1,1,1,1,1,1,1,58,Enterprise,Founder,ZALO,1496.6,0.446,0.346,101,Hot
1,1,0,0,0,1,0,35,Small,Procurement,FB,153.3,0.047,0.056,2254,Warm
1,1,1,1,1,1,1,32,Medium,Manager,Web,1792.1,0.395,0.132,968,Hot
1,1,0,1,1,1,1,35,Large,Founder,FB,2299.8,0.587,0.387,235,Hot
1,1,1,0,1,1,1,50,Large,Director,ZALO,2564.4,0.579,0.205,382,Hot
0,0,0,0,0,0,0,41,Small,Assistant,Web,59.7,0.013,0.004,92169,Cold
1,1,1,0,1,1,1,34,Medium,Founder,ZALO,3522.7,0.482,0.336,581,Hot
1,0,0,1,1,0,1,48,Micro,Director,FB,171.2,0.186,0.035,6993,Warm
1,1,1,0,1,0,1,31,Medium,CEO,ZALO,751.7,0.42,0.104,784,Hot
1,1,1,1,1,0,0,51,Large,Procurement,ZALO,1132.8,0.803,0.247,746,Hot
1,0,0,0,1,0,0,23,Small,Marketing,FB,79.4,0.034,0.003,110949,Cold
1,1,0,0,0,0,1,39,Medium,Director,ZALO,675.9,0.186,0.026,3684,Warm
1,1,1,0,1,1,1,53,Enterprise,CEO,FB,2134.5,0.647,0.342,796,Hot
1,0,0,0,1,0,0,42,Medium,Marketing,FB,236.9,0.198,0.072,7198,Warm
1,1,1,1,1,1,0,29,Enterprise,Manager,ZALO,1378.3,0.464,0.174,102,Hot
1,1,0,0,1,1,0,47,Enterprise,Marketing,FB,775.7,0.223,0.019,1399,Warm
1,1,0,1,1,1,1,39,Medium,Procurement,Web,799.7,0.123,0.072,3644,Warm
0,0,0,0,0,1,0,24,Large,Marketing,Web,18.8,0.034,0.005,111893,Cold
1,0,0,0,0,0,0,49,Small,Engineer,Web,25.7,0.004,0.003,49953,Cold
0,0,0,0,0,0,0,30,Large,Assistant,FB,75.7,0.032,0.004,128747,Cold
0,0,0,0,1,1,0,25,Small,Procurement,Web,804.0,0.099,0.013,4723,Warm
0,1,0,0,1,1,0,33,Medium,Sales,ZALO,705.1,0.066,0.073,3904,Warm
0,1,0,0,0,0,0,27,Medium,Assistant,ZALO,105.8,0.013,0.005,16336,Cold
0,0,1,0,0,0,0,41,Large,Procurement,FB,662.2,0.169,0.028,6020,Warm
0,0,0,0,1,0,0,52,Enterprise,Assistant,ZALO,18.1,0.005,0.002,55963,Cold
1,1,1,1,1,1,1,38,Medium,Procurement,ZALO,3331.1,0.666,0.208,510,Hot
0,0,0,0,1,0,0,25,Enterprise,Assistant,Web,88.2,0.045,0.006,123334,Cold
1,1,1,1,1,0,1,30,Large,Director,Web,1538.1,0.704,0.065,1582,Hot
1,1,0,0,1,1,1,56,Enterprise,Director,Web,878.9,0.761,0.098,850,Hot
1,1,0,0,1,1,0,33,Micro,Procurement,FB,444.5,0.16,0.065,6157,Warm
1,1,0,1,1,1,1,55,Large,Manager,ZALO,463.7,0.044,0.054,701,Warm
1,1,0,0,1,1,0,58,Enterprise,Manager,ZALO,636.1,0.085,0.031,6140,Warm
0,1,1,0,0,1,1,55,Large,Procurement,FB,706.1,0.101,0.03,2878,Warm
0,0,0,0,0,0,0,48,Micro,Sales,ZALO,41.3,0.049,0.007,8258,Cold
0,0,0,0,0,0,0,39,Enterprise,Marketing,Web,82.2,0.048,0.004,17827,Cold
1,1,1,1,1,1,1,51,Enterprise,Manager,FB,892.3,0.644,0.031,757,Hot
1,1,1,0,1,1,1,30,Medium,Manager,FB,3065.5,0.707,0.181,550,Hot
0,1,0,0,1,1,0,51,Micro,Director,FB,722.3,0.129,0.054,4730,Warm
0,0,0,0,0,1,0,50,Enterprise,Marketing,Web,71.5,0.037,0.001,105156,Cold
1,0,1,0,1,1,0,50,Medium,Marketing,ZALO,747.7,0.06,0.05,6731,Warm
1,1,0,0,1,0,0,43,Medium,Procurement,Web,627.1,0.241,0.043,6287,Warm
1,1,0,0,1,1,1,59,Medium,Sales,FB,527.7,0.036,0.016,6090,Warm
0,0,0,0,1,0,0,23,Medium,Marketing,Web,8.7,0.041,0.001,150894,Cold
1,1,1,1,1,0,1,46,Enterprise,CEO,ZALO,1762.7,0.868,0.391,670,Hot
1,1,0,1,1,0,1,56,Medium,Director,Web,2239.8,0.603,0.317,426,Hot
0,0,0,0,0,0,0,44,Micro,Sales,ZALO,69.0,0.007,0.006,70450,Cold
0,0,0,0,0,1,0,39,Large,Engineer,FB,95.2,0.016,0.002,51800,Cold
1,0,0,0,1,1,1,46,Medium,Marketing,FB,861.2,0.166,0.041,5198,Warm
1,1,1,0,1,1,1,43,Medium,Director,ZALO,3347.8,0.859,0.173,1136,Hot
0,1,0,0,1,0,0,37,Medium,Director,FB,859.6,0.067,0.077,5007,Warm
1,0,0,0,1,1,0,52,Micro,Procurement,FB,478.2,0.103,0.012,1044,Warm
0,0,0,0,1,1,0,48,Large,Sales,ZALO,6.9,0.034,0.005,171745,Cold
0,1,0,0,1,1,0,44,Enterprise,Manager,ZALO,716.9,0.126,0.035,6012,Warm
0,0,0,0,1,0,0,38,Small,Engineer,Web,107.0,0.048,0.009,101413,Cold
1,1,0,1,1,0,0,64,Enterprise,Manager,Web,2242.6,0.214,0.108,1548,Hot
1,1,1,1,1,1,1,38,Medium,Founder,Web,3104.2,0.296,0.097,1667,Hot
0,1,1,0,1,0,1,41,Micro,Procurement,Web,572.9,0.239,0.032,6099,Warm
0,1,1,0,1,1,0,34,Enterprise,Director,ZALO,750.0,0.241,0.018,3165,Warm
0,0,0,0,0,1,0,41,Large,Sales,ZALO,46.3,0.015,0.006,49677,Cold
0,0,1,1,0,1,1,29,Micro,Director,Web,144.3,0.158,0.035,5433,Warm
0,0,0,0,1,0,0,29,Medium,Sales,FB,107.5,0.029,0.009,38696,Cold
1,0,0,0,1,1,1,35,Enterprise,Procurement,ZALO,244.2,0.155,0.047,1797,Warm
1,0,0,0,0,0,0,38,Enterprise,Marketing,ZALO,486.3,0.13,0.008,5912,Warm
0,0,0,0,1,1,0,54,Enterprise,Marketing,ZALO,80.2,0.018,0.007,24004,Cold
1,1,0,0,1,0,0,25,Enterprise,Procurement,ZALO,249.2,0.047,0.053,2332,Warm
0,0,0,0,1,0,0,41,Micro,Sales,Web,60.1,0.011,0.002,111314,Cold
0,0,0,0,0,0,0,29,Micro,Marketing,ZALO,111.1,0.026,0.004,151345,Cold
1,1,1,1,1,1,0,55,Small,Procurement,ZALO,588.7,0.205,0.067,2089,Warm
1,0,0,1,1,0,0,33,Micro,Manager,FB,527.7,0.23,0.056,1825,Warm
0,1,0,1,1,1,0,33,Enterprise,Director,FB,819.6,0.2,0.054,4876,Warm
1,1,0,1,1,1,0,31,Large,Procurement,ZALO,492.2,0.081,0.069,2920,Warm
1,0,0,0,0,1,1,49,Small,Marketing,ZALO,402.6,0.064,0.054,2677,Warm
0,0,0,0,0,1,0,33,Large,Sales,FB,47.6,0.028,0.003,83987,Cold
1,0,0,1,0,0,1,35,Micro,Procurement,Web,432.4,0.104,0.046,6310,Warm
0,0,0,0,1,0,1,30,Micro,Marketing,FB,409.3,0.164,0.059,3882,Warm
1,1,0,1,1,1,0,37,Enterprise,Marketing,FB,146.2,0.162,0.044,2497,Warm
1,0,0,1,0,0,0,50,Large,Director,FB,523.8,0.192,0.01,1338,Warm
1,1,0,0,1,0,1,54,Large,Director,FB,323.7,0.12,0.013,1192,Warm
1,0,0,0,1,1,0,53,Large,Director,ZALO,720.6,0.197,0.077,4358,Warm
1,1,0,0,1,1,0,39,Medium,Sales,ZALO,522.9,0.032,0.067,2633,Warm
0,0,0,0,0,0,0,40,Medium,Marketing,Web,35.9,0.047,0.007,53451,Cold
0,1,1,0,1,0,1,34,Micro,Manager,FB,647.1,0.176,0.051,6860,Warm
1,1,1,1,1,1,1,64,Large,Manager,FB,3553.2,0.837,0.134,484,Hot
1,1,0,1,1,1,1,30,Enterprise,Director,ZALO,3181.2,0.732,0.199,276,Hot
1,1,0,0,1,0,1,41,Small,Director,ZALO,305.0,0.134,0.051,3597,Warm
0,0,0,0,1,0,0,48,Small,Marketing,Web,83.9,0.041,0.007,65414,Cold
1,0,1,0,1,0,0,33,Enterprise,Director,Web,366.3,0.137,0.024,5251,Warm
0,0,0,0,0,0,0,26,Large,Engineer,ZALO,46.5,0.028,0.009,71158,Cold
0,0,0,0,0,0,0,54,Small,Engineer,ZALO,42.4,0.026,0.008,120760,Cold
1,1,1,0,1,1,0,38,Enterprise,Director,ZALO,2493.8,0.579,0.344,176,Hot
0,0,0,0,0,0,0,45,Medium,Sales,ZALO,91.0,0.026,0.005,47461,Cold
0,0,0,0,0,1,0,25,Small,Marketing,ZALO,16.8,0.003,0.009,147368,Cold
0,0,0,0,1,0,0,25,Large,Engineer,FB,33.5,0.014,0.006,38013,Cold
0,0,0,1,1,0,1,42,Enterprise,Sales,FB,876.2,0.183,0.018,5495,Warm
1,1,0,0,1,1,0,39,Micro,Sales,ZALO,405.3,0.087,0.028,600,Warm
1,0,0,0,1,0,1,44,Micro,Sales,ZALO,585.7,0.205,0.046,2144,Warm
1,0,0,0,1,0,0,52,Small,Director,Web,749.9,0.181,0.026,6686,Warm
0,0,0,0,0,0,0,56,Small,Marketing,FB,238.7,0.243,0.007,1437,Warm
0,0,0,0,0,0,0,33,Medium,Sales,ZALO,95.4,0.025,0.004,11919,Cold
1,1,0,0,0,0,0,50,Small,Marketing,ZALO,99.0,0.041,0.001,68863,Cold
1,0,1,0,1,0,1,38,Large,Sales,Web,869.7,0.236,0.017,6565,Warm
1,0,0,0,0,0,0,23,Small,Assistant,FB,77.8,0.016,0.002,75977,Cold
1,0,1,0,1,1,0,30,Small,Procurement,ZALO,191.3,0.166,0.075,6822,Warm
0,1,0,0,0,0,1,47,Large,Procurement,FB,657.6,0.109,0.015,923,Warm
1,0,0,0,0,0,1,42,Enterprise,Director,FB,173.7,0.064,0.027,2757,Warm
1,1,0,0,1,1,0,40,Medium,Manager,Web,874.4,0.21,0.019,6196,Warm
1,1,0,0,0,1,0,33,Small,Manager,FB,203.5,0.072,0.007,5857,Warm
1,1,1,1,1,1,1,51,Medium,Procurement,Web,812.6,0.848,0.107,1036,Hot
1,1,1,1,1,1,1,54,Large,CEO,Web,1397.4,0.18,0.056,652,Hot
0,0,0,0,0,0,0,32,Enterprise,Marketing,Web,76.9,0.009,0.007,112438,Cold
1,1,0,0,1,0,1,60,Large,Director,ZALO,632.9,0.147,0.05,3486,Warm
1,1,1,1,1,1,1,55,Enterprise,Director,Web,1322.2,0.559,0.169,1156,Hot
1,1,1,1,1,1,1,30,Large,Procurement,FB,2152.8,0.895,0.142,645,Hot
1,1,1,1,1,1,1,45,Enterprise,Procurement,Web,2312.0,0.579,0.065,972,Hot
0,0,0,0,1,0,0,38,Micro,Marketing,ZALO,254.9,0.212,0.057,5320,Warm
1,1,0,1,1,0,1,52,Medium,CEO,ZALO,1643.8,0.763,0.184,276,Hot
1,1,1,1,1,1,0,52,Medium,Director,Web,723.5,0.555,0.085,1058,Hot
0,1,1,1,1,1,0,52,Medium,Sales,FB,223.1,0.048,0.048,1003,Warm
0,0,0,0,1,0,0,50,Enterprise,Procurement,Web,600.5,0.192,0.023,1186,Warm
0,0,0,0,0,0,0,43,Medium,Marketing,ZALO,44.6,0.033,0.008,47969,Cold
1,1,1,1,1,1,0,30,Medium,Founder,Web,1721.5,0.718,0.346,260,Hot
0,1,0,0,1,0,1,44,Large,Sales,FB,378.9,0.193,0.021,5076,Warm
0,1,0,0,1,0,1,58,Micro,Marketing,FB,166.9,0.074,0.057,2822,Warm
0,0,0,0,0,0,0,43,Micro,Assistant,ZALO,104.8,0.032,0.002,103398,Cold
1,1,0,0,0,0,1,60,Micro,Manager,FB,839.4,0.097,0.042,6698,Warm
0,0,0,0,0,0,1,52,Medium,Assistant,Web,34.6,0.019,0.01,11324,Cold
1,1,1,0,1,1,1,36,Medium,Manager,Web,3481.8,0.609,0.261,495,Hot
1,1,0,0,1,0,1,59,Small,Procurement,ZALO,657.1,0.228,0.073,4123,Warm
1,1,1,0,1,1,1,48,Medium,Procurement,Web,3445.8,0.239,0.148,328,Hot
1,1,0,0,1,1,1,42,Small,Procurement,FB,222.6,0.036,0.079,5654,Warm
0,0,0,0,0,0,0,50,Small,Sales,Web,79.7,0.009,0.004,127816,Cold
0,0,0,0,1,0,0,46,Small,Marketing,FB,12.6,0.046,0.01,165358,Cold
1,1,0,0,0,1,0,45,Large,Director,Web,566.1,0.148,0.053,6368,Warm
1,1,1,1,1,1,0,43,Enterprise,Procurement,ZALO,3551.5,0.179,0.173,1597,Hot
0,0,0,0,1,0,0,28,Enterprise,Procurement,ZALO,767.3,0.129,0.059,1527,Warm
0,0,0,0,0,0,0,21,Small,Sales,Web,108.1,0.045,0.009,27240,Cold
0,0,0,0,1,0,0,27,Large,Engineer,FB,65.2,0.019,0.008,137730,Cold
0,1,0,0,1,1,1,35,Small,Procurement,Web,160.0,0.098,0.06,4255,Warm
0,0,0,0,1,0,0,20,Large,Sales,ZALO,67.5,0.0,0.009,65958,Cold
0,0,0,0,0,0,0,55,Medium,Marketing,FB,26.3,0.003,0.003,41709,Cold
1,1,1,1,1,1,1,31,Medium,Manager,FB,1084.0,0.363,0.275,1463,Hot
1,0,0,0,1,0,0,48,Large,Manager,ZALO,777.8,0.044,0.04,1599,Warm
0,1,0,0,1,0,1,58,Micro,Sales,Web,657.2,0.235,0.079,2952,Warm
1,0,0,0,1,1,0,56,Large,Procurement,Web,301.5,0.094,0.02,1568,Warm
0,0,0,0,1,0,1,46,Micro,Engineer,ZALO,69.4,0.032,0.0,56340,Cold
0,0,0,0,1,0,0,50,Enterprise,Director,FB,769.0,0.073,0.068,6108,Warm
1,0,0,0,1,1,1,54,Large,Manager,Web,353.5,0.189,0.029,4989,Warm
0,0,0,0,1,0,0,29,Medium,Assistant,ZALO,118.1,0.031,0.008,153279,Cold
0,0,0,0,1,1,0,30,Large,Procurement,ZALO,472.5,0.239,0.021,3076,Warm
0,0,0,0,0,0,0,50,Enterprise,Marketing,FB,44.1,0.024,0.009,84958,Cold
1,1,0,1,1,1,1,36,Medium,CEO,ZALO,1762.8,0.799,0.073,666,Hot
1,1,1,1,1,0,1,30,Medium,Procurement,Web,2836.7,0.167,0.311,1338,Hot
1,1,1,0,1,1,1,56,Enterprise,CEO,ZALO,1048.0,0.355,0.036,1305,Hot
0,1,0,0,1,1,1,35,Micro,Marketing,Web,815.9,0.149,0.009,837,Warm
1,0,0,0,0,1,1,53,Enterprise,Marketing,ZALO,379.2,0.074,0.062,4970,Warm
1,0,0,0,0,0,0,49,Micro,Sales,ZALO,83.7,0.036,0.005,64337,Cold
1,1,0,1,1,1,1,39,Enterprise,Director,ZALO,1959.8,0.173,0.206,749,Hot
1,0,0,0,1,0,1,31,Medium,Director,Web,175.3,0.096,0.04,5437,Warm
1,1,1,0,1,1,1,52,Enterprise,Marketing,Web,661.4,0.068,0.055,6656,Warm
1,1,1,1,1,1,1,63,Medium,Manager,FB,1524.1,0.454,0.251,1433,Hot
1,1,1,1,1,1,1,33,Medium,Founder,Web,3309.8,0.627,0.03,330,Hot
1,0,0,0,1,1,0,44,Large,Marketing,FB,574.5,0.165,0.043,1644,Warm
1,1,0,1,1,1,0,63,Large,CEO,ZALO,3197.0,0.326,0.29,837,Hot
1,1,0,0,0,0,1,48,Large,Procurement,ZALO,898.0,0.177,0.015,1187,Warm
0,1,0,1,0,0,1,54,Enterprise,Sales,Web,260.2,0.142,0.046,4286,Warm
0,1,0,0,1,1,0,59,Enterprise,Marketing,FB,883.0,0.155,0.058,1527,Warm
1,0,0,0,1,1,0,58,Micro,Director,Web,189.0,0.134,0.061,6078,Warm
0,0,0,0,0,0,0,20,Large,Sales,Web,109.2,0.029,0.003,96114,Cold
1,1,1,0,1,0,1,47,Enterprise,Procurement,ZALO,784.3,0.505,0.093,135,Hot
0,1,0,0,0,0,1,41,Small,Director,ZALO,334.7,0.087,0.061,5546,Warm
0,0,0,0,0,1,0,35,Large,Marketing,Web,104.1,0.017,0.001,41629,Cold
1,1,0,0,1,1,1,35,Small,Director,Web,776.6,0.042,0.025,1550,Warm
0,0,0,0,0,1,1,34,Large,Sales,ZALO,35.2,0.027,0.004,79305,Cold
1,1,1,1,1,1,1,30,Medium,Procurement,Web,1661.5,0.783,0.256,1365,Hot
1,1,1,0,1,0,1,53,Large,Founder,Web,2615.7,0.728,0.222,1417,Hot
0,1,0,0,0,0,0,53,Medium,Procurement,Web,341.0,0.072,0.007,1353,Warm
0,0,0,0,0,0,0,27,Micro,Marketing,ZALO,80.5,0.045,0.006,52035,Cold
1,1,1,0,1,1,1,57,Large,Manager,Web,3310.2,0.727,0.15,361,Hot
1,1,1,0,1,1,1,44,Large,Founder,ZALO,808.2,0.885,0.104,834,Hot
0,0,0,0,1,0,0,48,Medium,Assistant,FB,13.4,0.029,0.003,120485,Cold
0,0,0,0,0,0,0,29,Medium,Sales,Web,5.4,0.035,0.008,128941,Cold
1,1,0,0,0,1,1,55,Micro,Director,Web,849.3,0.109,0.056,3881,Warm
1,0,0,0,0,1,0,49,Medium,Marketing,FB,68.8,0.048,0.007,81947,Cold
1,1,0,0,1,1,0,37,Micro,Director,FB,501.6,0.044,0.046,3120,Warm
1,1,1,0,1,0,1,50,Micro,Procurement,Web,640.5,0.131,0.056,4995,Warm
0,0,0,0,0,0,0,50,Enterprise,Assistant,FB,85.6,0.007,0.002,16696,Cold
1,1,1,0,1,1,1,32,Medium,CEO,ZALO,2384.9,0.612,0.053,445,Hot
1,1,0,0,1,1,0,38,Micro,Director,FB,381.7,0.057,0.016,4000,Warm
0,0,0,0,0,0,0,44,Small,Assistant,ZALO,14.3,0.0,0.009,159242,Cold
1,1,1,1,1,1,1,41,Medium,Director,Web,1951.3,0.329,0.095,1446,Hot
0,0,0,0,1,0,0,42,Large,Assistant,Web,32.1,0.006,0.005,28682,Cold
1,1,0,0,1,0,0,32,Small,Sales,ZALO,257.5,0.177,0.008,5882,Warm
0,0,0,1,1,0,0,59,Small,Procurement,FB,498.3,0.056,0.072,6509,Warm
1,1,0,1,1,0,0,40,Large,Procurement,ZALO,815.3,0.046,0.049,1045,Warm
1,1,0,1,1,1,1,36,Large,Founder,Web,1675.8,0.352,0.154,95,Hot
0,0,1,0,0,0,1,35,Enterprise,Procurement,Web,876.7,0.218,0.011,4874,Warm
1,1,1,0,1,1,0,45,Large,Director,FB,815.6,0.16,0.016,5299,Warm
1,1,1,0,1,1,1,60,Medium,Manager,Web,1783.0,0.757,0.288,230,Hot
0,1,0,0,1,0,0,30,Micro,Sales,Web,357.8,0.185,0.069,6721,Warm
1,1,0,0,0,1,1,25,Micro,Sales,Web,379.7,0.037,0.037,2810,Warm
1,1,0,0,1,0,1,57,Medium,Manager,FB,418.7,0.132,0.008,3601,Warm
0,0,0,0,1,0,1,35,Enterprise,Assistant,Web,60.0,0.047,0.006,58596,Cold
1,1,1,1,1,1,1,55,Large,CEO,FB,1718.4,0.489,0.216,1728,Hot
0,0,0,0,0,0,0,24,Small,Sales,FB,14.2,0.045,0.003,23771,Cold
0,0,0,0,0,1,0,21,Medium,Sales,Web,67.3,0.007,0.003,119955,Cold
0,0,0,0,1,1,0,46,Medium,Sales,Web,639.4,0.147,0.046,4351,Warm
0,0,0,0,0,0,0,38,Micro,Marketing,ZALO,37.7,0.048,0.006,45750,Cold
0,1,1,0,1,0,0,27,Medium,Director,FB,463.9,0.111,0.02,6392,Warm
0,0,0,0,0,0,0,39,Micro,Assistant,ZALO,112.1,0.038,0.009,87543,Cold
1,0,0,0,0,0,0,38,Enterprise,Marketing,Web,88.8,0.046,0.003,33042,Cold
1,0,0,0,1,1,0,30,Medium,Manager,Web,620.2,0.158,0.022,6884,Warm
0,0,0,0,0,0,0,52,Large,Marketing,ZALO,41.5,0.03,0.009,98250,Cold
1,1,0,0,1,0,0,60,Micro,Procurement,Web,812.5,0.193,0.036,4224,Warm
1,1,0,0,0,1,0,25,Small,Marketing,ZALO,59.6,0.043,0.01,20931,Cold
1,1,1,1,1,0,1,45,Large,Founder,Web,1986.4,0.576,0.369,438,Hot
0,0,0,0,0,1,0,39,Large,Sales,FB,8.1,0.0,0.003,171517,Cold
1,1,1,1,1,1,1,59,Enterprise,Founder,FB,958.1,0.358,0.398,166,Hot
1,1,0,0,1,1,1,48,Enterprise,Director,FB,779.3,0.066,0.009,3218,Warm
1,0,0,0,1,1,0,43,Enterprise,Manager,Web,271.2,0.168,0.062,5505,Warm
1,1,1,1,1,1,1,47,Large,Director,FB,2203.3,0.414,0.083,310,Hot
1,1,0,1,0,0,0,37,Enterprise,Director,Web,768.5,0.146,0.045,5114,Warm
1,1,1,0,0,0,0,48,Small,Sales,Web,528.0,0.243,0.018,3095,Warm
1,0,0,0,1,0,0,28,Small,Marketing,FB,53.9,0.038,0.001,8529,Cold
1,1,1,0,1,0,1,60,Enterprise,CEO,ZALO,956.8,0.34,0.055,1397,Hot
0,0,0,0,0,0,0,42,Micro,Assistant,FB,102.3,0.047,0.009,94783,Cold
1,1,0,0,0,1,1,58,Small,Procurement,ZALO,254.0,0.196,0.005,6542,Warm
0,0,0,0,1,0,0,48,Micro,Marketing,ZALO,117.8,0.021,0.005,110444,Cold
1,0,0,0,0,0,0,38,Enterprise,Assistant,FB,42.7,0.006,0.003,160988,Cold
1,1,0,0,1,0,1,55,Medium,Procurement,FB,899.0,0.138,0.013,4188,Warm
1,0,0,0,1,1,1,35,Micro,Marketing,FB,384.1,0.161,0.079,1605,Warm
0,0,0,0,1,0,0,45,Medium,Sales,Web,74.4,0.02,0.005,76709,Cold
0,0,0,0,0,0,1,21,Micro,Assistant,FB,62.3,0.001,0.002,162088,Cold
0,1,0,0,1,1,1,37,Medium,Sales,ZALO,513.7,0.149,0.066,5028,Warm
1,0,0,1,1,0,0,54,Micro,Manager,FB,554.2,0.219,0.028,6384,Warm
0,0,0,0,0,0,0,51,Enterprise,Sales,ZALO,69.7,0.008,0.001,72646,Cold
1,1,0,1,1,0,0,48,Medium,Director,FB,716.9,0.168,0.034,4107,Warm
0,0,0,0,0,0,0,25,Micro,Engineer,FB,43.8,0.001,0.003,124424,Cold
1,1,0,0,1,0,0,49,Medium,Director,FB,750.5,0.052,0.056,3352,Warm
1,1,0,0,1,0,1,29,Enterprise,Procurement,ZALO,326.8,0.095,0.048,7191,Warm
0,0,0,0,1,0,0,24,Enterprise,Sales,ZALO,29.1,0.04,0.007,82727,Cold
0,1,0,0,1,1,1,60,Small,Manager,Web,668.6,0.22,0.048,2344,Warm
1,1,0,0,1,1,1,28,Enterprise,Procurement,ZALO,480.7,0.083,0.061,6871,Warm
0,0,0,0,1,0,0,46,Medium,Engineer,Web,23.5,0.034,0.002,66116,Cold
0,0,0,0,1,0,0,47,Large,Assistant,FB,23.3,0.007,0.003,76416,Cold
0,1,1,0,0,1,0,44,Micro,Sales,ZALO,643.9,0.225,0.035,6532,Warm
1,1,1,1,1,1,0,65,Enterprise,Director,ZALO,3253.7,0.329,0.075,1682,Hot
1,0,0,0,1,0,1,33,Small,Assistant,FB,29.6,0.014,0.004,158128,Cold
0,0,0,0,0,0,0,35,Medium,Marketing,ZALO,59.7,0.018,0.003,172787,Cold
1,1,1,1,1,1,1,43,Large,Procurement,ZALO,1527.8,0.869,0.164,1693,Hot
1,0,0,0,1,1,1,44,Micro,Procurement,ZALO,284.1,0.226,0.074,5772,Warm
1,0,0,0,1,0,0,51,Large,Sales,ZALO,87.5,0.044,0.008,45633,Cold
1,0,0,0,1,0,0,28,Small,Sales,Web,226.2,0.118,0.052,3170,Warm
0,0,0,0,1,0,1,51,Medium,Sales,ZALO,801.3,0.059,0.018,5458,Warm
1,1,1,0,1,1,1,52,Enterprise,Founder,FB,3444.3,0.842,0.269,1313,Hot
0,0,0,0,0,1,0,47,Enterprise,Engineer,FB,15.2,0.018,0.009,34362,Cold
0,0,0,0,1,1,0,34,Small,Marketing,ZALO,38.1,0.025,0.001,57760,Cold
1,0,0,0,1,0,0,41,Small,Director,ZALO,827.7,0.111,0.056,4353,Warm
0,0,0,0,1,0,0,44,Large,Engineer,FB,16.0,0.003,0.003,65162,Cold
1,1,0,0,1,1,0,57,Enterprise,Sales,ZALO,882.5,0.178,0.015,5183,Warm
0,0,0,0,0,0,0,25,Medium,Sales,FB,34.9,0.016,0.01,134465,Cold
1,1,1,1,1,1,1,44,Enterprise,Director,Web,1539.0,0.82,0.147,1036,Hot
1,1,0,1,1,1,1,31,Medium,Founder,FB,1289.6,0.177,0.126,1475,Hot
0,1,0,0,1,1,0,32,Small,Manager,ZALO,193.0,0.221,0.019,1978,Warm
1,1,0,0,1,0,1,36,Large,Manager,FB,719.2,0.179,0.072,812,Warm
1,0,0,0,0,1,0,40,Small,Assistant,FB,57.9,0.035,0.005,168319,Cold
1,1,1,0,1,1,1,56,Large,Procurement,FB,1234.1,0.187,0.268,691,Hot
1,1,1,1,1,1,0,44,Medium,Founder,ZALO,867.6,0.789,0.09,1626,Hot
1,1,0,0,1,1,1,33,Medium,Manager,ZALO,519.9,0.138,0.071,4502,Warm
0,0,0,0,0,0,0,47,Micro,Assistant,Web,44.3,0.023,0.002,44250,Cold
1,1,1,1,1,0,1,33,Large,Director,FB,3552.6,0.663,0.141,539,Hot
0,0,0,0,0,0,0,41,Medium,Marketing,Web,183.8,0.141,0.014,6019,Warm
1,1,0,0,1,0,1,53,Enterprise,Marketing,ZALO,874.0,0.222,0.019,2116,Warm
1,0,0,0,0,0,0,45,Micro,Assistant,FB,80.4,0.023,0.004,161381,Cold
1,1,0,0,1,1,1,30,Small,Procurement,FB,268.8,0.21,0.057,2141,Warm
1,1,1,1,1,1,1,62,Medium,CEO,ZALO,2909.2,0.261,0.186,268,Hot
0,0,0,0,1,0,0,35,Small,Engineer,Web,100.4,0.02,0.003,30512,Cold
1,1,1,0,1,1,0,56,Large,Sales,Web,581.0,0.165,0.056,4596,Warm
0,0,0,0,0,0,0,46,Large,Assistant,ZALO,76.6,0.032,0.004,117955,Cold
0,0,0,0,0,0,0,41,Enterprise,Sales,FB,106.6,0.036,0.004,112877,Cold
1,1,1,1,1,1,1,38,Enterprise,Founder,ZALO,2672.1,0.215,0.209,384,Hot
0,0,0,0,0,1,0,33,Enterprise,Assistant,FB,46.3,0.013,0.007,49400,Cold
1,1,1,0,1,0,1,42,Medium,Procurement,FB,2059.1,0.895,0.32,1605,Hot
1,0,0,0,0,0,0,26,Micro,Sales,ZALO,115.7,0.038,0.01,163657,Cold
1,0,0,0,0,0,0,48,Small,Marketing,Web,464.4,0.141,0.06,1413,Warm
0,0,0,0,0,0,1,20,Small,Sales,ZALO,38.0,0.009,0.003,112392,Cold
1,0,0,0,1,1,0,51,Large,Director,Web,402.2,0.037,0.016,681,Warm
1,0,0,0,1,0,0,27,Small,Director,FB,882.6,0.246,0.065,4858,Warm
1,1,1,1,1,1,1,48,Large,CEO,ZALO,3300.6,0.608,0.084,857,Hot
0,1,0,0,1,1,1,50,Small,Marketing,FB,148.8,0.104,0.059,6662,Warm
1,1,1,1,1,0,1,47,Enterprise,Director,Web,1080.1,0.171,0.325,1243,Hot
1,0,0,0,0,0,0,43,Medium,Engineer,FB,10.5,0.033,0.001,81708,Cold
0,0,0,0,1,1,1,59,Enterprise,Procurement,ZALO,353.4,0.177,0.066,5292,Warm
1,1,0,0,1,1,0,31,Small,Sales,ZALO,183.9,0.044,0.072,4501,Warm
0,0,0,0,0,0,0,36,Enterprise,Sales,Web,53.7,0.022,0.009,131930,Cold
1,0,0,0,1,1,1,58,Micro,Procurement,ZALO,489.2,0.194,0.076,3625,Warm
1,1,0,1,1,0,1,46,Medium,Procurement,FB,953.2,0.379,0.169,632,Hot
1,0,0,0,1,1,0,56,Micro,Manager,Web,391.9,0.221,0.036,5294,Warm
0,0,0,0,0,1,0,28,Small,Sales,ZALO,81.7,0.007,0.007,27013,Cold
1,1,1,1,1,0,1,62,Medium,Manager,Web,1432.1,0.216,0.091,80,Hot
1,1,0,0,1,0,1,28,Enterprise,Director,FB,705.4,0.141,0.006,5992,Warm
1,1,0,0,1,1,1,65,Large,CEO,Web,2420.6,0.451,0.047,1795,Hot
1,1,1,0,1,0,1,52,Large,CEO,FB,3539.4,0.556,0.136,404,Hot
0,0,0,0,0,0,0,40,Small,Assistant,Web,11.7,0.019,0.003,111819,Cold
1,1,1,1,1,1,0,43,Enterprise,Procurement,FB,2078.9,0.714,0.172,265,Hot
0,0,0,0,0,0,0,21,Medium,Assistant,FB,92.7,0.033,0.001,152562,Cold
0,1,0,1,1,1,1,59,Large,Director,ZALO,152.6,0.209,0.077,5685,Warm
1,0,0,0,1,0,0,44,Medium,Marketing,Web,101.7,0.014,0.002,143608,Cold
1,0,0,0,1,0,0,57,Medium,Marketing,Web,323.9,0.196,0.039,2614,Warm
1,0,1,0,1,0,1,55,Micro,Manager,Web,255.4,0.152,0.057,4605,Warm
1,1,1,1,1,1,0,29,Enterprise,Manager,Web,970.2,0.879,0.169,1261,Hot
0,1,0,0,1,1,0,39,Micro,Marketing,Web,838.7,0.109,0.012,5625,Warm
1,0,1,1,0,0,1,38,Micro,Procurement,Web,428.9,0.221,0.048,4646,Warm
0,0,0,0,0,0,0,28,Micro,Marketing,ZALO,112.4,0.043,0.009,75513,Cold
0,1,0,0,0,0,0,55,Large,Assistant,ZALO,78.7,0.047,0.001,88272,Cold
1,0,0,0,1,1,1,39,Micro,Marketing,ZALO,535.3,0.1,0.034,3341,Warm
0,0,0,0,1,1,0,24,Small,Marketing,FB,42.9,0.003,0.006,10906,Cold
1,1,0,0,1,0,0,46,Micro,Marketing,Web,739.4,0.238,0.063,5675,Warm
0,1,0,1,1,0,1,29,Small,Manager,ZALO,162.7,0.164,0.037,1434,Warm
1,0,0,0,1,0,1,25,Large,Sales,ZALO,740.2,0.224,0.051,3382,Warm
1,0,0,0,0,0,1,37,Enterprise,Procurement,Web,516.9,0.108,0.041,5686,Warm
0,1,0,0,1,1,1,44,Enterprise,Director,FB,235.0,0.098,0.031,3621,Warm
1,1,1,1,1,0,1,63,Medium,Manager,ZALO,1186.2,0.3,0.366,1638,Hot
0,0,0,0,0,0,0,41,Enterprise,Engineer,ZALO,42.8,0.005,0.009,14660,Cold
1,1,0,0,1,0,1,46,Large,Procurement,ZALO,263.7,0.248,0.032,1204,Warm
1,0,0,0,1,0,1,37,Small,Marketing,FB,290.8,0.088,0.018,5142,Warm
0,0,0,0,0,0,0,28,Large,Assistant,ZALO,112.7,0.015,0.002,101209,Cold
1,1,1,1,1,0,0,33,Small,Procurement,Web,415.0,0.112,0.05,5811,Warm
0,0,0,0,0,0,0,40,Small,Assistant,Web,96.5,0.044,0.009,156713,Cold
1,1,1,0,1,1,1,32,Medium,Procurement,ZALO,2853.9,0.634,0.218,1051,Hot
0,1,0,0,1,0,1,27,Small,Procurement,FB,472.6,0.082,0.021,4081,Warm
1,1,1,1,1,1,1,36,Medium,Director,ZALO,2156.5,0.323,0.045,1079,Hot
1,1,0,0,1,0,0,39,Medium,Manager,ZALO,823.2,0.095,0.043,5078,Warm
1,1,0,0,0,0,0,46,Medium,Marketing,Web,756.1,0.18,0.026,6380,Warm
0,1,0,0,1,1,0,47,Large,Sales,Web,711.1,0.033,0.054,6835,Warm
1,1,1,0,1,1,1,42,Enterprise,Procurement,Web,2872.9,0.692,0.201,1651,Hot
1,0,0,0,1,0,0,55,Micro,Engineer,FB,71.4,0.006,0.009,6137,Cold
1,0,0,0,1,1,1,44,Medium,Director,FB,562.7,0.037,0.015,3305,Warm
1,1,0,0,1,1,0,49,Small,Sales,FB,376.5,0.242,0.053,3095,Warm
0,0,0,0,0,0,0,31,Small,Assistant,ZALO,37.6,0.012,0.007,21944,Cold
1,0,0,1,1,1,0,51,Large,Manager,ZALO,865.0,0.22,0.015,2284,Warm
1,0,0,0,0,0,0,32,Enterprise,Sales,ZALO,28.2,0.05,0.004,108257,Cold
0,0,0,0,1,0,0,54,Medium,Marketing,ZALO,598.2,0.208,0.018,2640,Warm
0,0,0,0,0,0,0,26,Large,Assistant,FB,106.8,0.008,0.009,144564,Cold
1,0,0,0,1,0,0,55,Micro,Engineer,FB,91.9,0.025,0.008,111104,Cold
0,1,0,0,1,1,0,50,Small,Sales,FB,128.4,0.055,0.074,3279,Warm
1,1,0,0,1,0,0,42,Small,Procurement,FB,593.5,0.069,0.014,6673,Warm
0,1,0,0,1,0,0,59,Small,Sales,Web,157.2,0.17,0.044,6027,Warm
1,0,0,0,0,1,1,40,Medium,Procurement,FB,191.3,0.123,0.079,3361,Warm
1,1,1,0,1,1,0,38,Enterprise,Founder,FB,1847.0,0.231,0.151,1181,Hot
1,1,0,0,1,0,0,25,Large,Marketing,FB,423.6,0.131,0.01,2881,Warm
1,0,0,0,1,1,0,59,Enterprise,Procurement,ZALO,868.0,0.162,0.079,6304,Warm
1,1,0,0,1,1,1,55,Micro,Marketing,FB,594.7,0.159,0.034,5847,Warm
1,1,0,0,1,0,0,52,Small,Director,FB,166.7,0.112,0.027,1842,Warm
1,0,0,1,1,1,0,45,Micro,Director,ZALO,625.5,0.093,0.007,6603,Warm
0,0,0,0,1,0,0,34,Enterprise,Sales,Web,42.0,0.022,0.0,132481,Cold
0,0,0,0,0,0,0,55,Small,Marketing,Web,14.0,0.036,0.003,55382,Cold
0,0,0,0,0,0,0,37,Large,Assistant,ZALO,50.8,0.008,0.004,136059,Cold
1,0,1,0,1,0,0,44,Enterprise,Director,FB,551.2,0.069,0.034,3105,Warm
1,1,0,0,1,0,0,25,Enterprise,Marketing,ZALO,435.6,0.121,0.035,6680,Warm
1,1,0,0,0,1,0,35,Small,Sales,ZALO,721.6,0.195,0.031,6409,Warm
1,1,0,1,1,0,0,48,Micro,Procurement,ZALO,592.2,0.238,0.016,2626,Warm
1,1,0,0,1,1,0,30,Enterprise,Procurement,ZALO,249.3,0.124,0.057,4701,Warm
1,1,1,1,1,1,1,33,Medium,Procurement,ZALO,3042.7,0.352,0.108,1562,Hot
1,1,1,0,0,1,1,43,Large,Procurement,FB,412.2,0.185,0.02,2090,Warm
0,1,0,0,1,1,0,51,Large,Director,FB,797.3,0.067,0.027,3694,Warm
0,0,0,0,0,0,0,20,Micro,Engineer,FB,81.5,0.039,0.0,58930,Cold
0,1,1,0,1,0,0,52,Medium,Marketing,Web,814.3,0.25,0.066,3559,Warm
1,0,0,0,0,0,1,33,Micro,Director,FB,797.8,0.091,0.057,2636,Warm
1,1,0,0,0,1,1,45,Micro,Marketing,FB,876.3,0.192,0.056,2513,Warm
1,1,0,0,1,1,1,31,Large,Marketing,Web,272.2,0.061,0.044,5284,Warm
1,1,1,0,1,1,0,63,Large,Founder,ZALO,3465.2,0.512,0.23,528,Hot
0,0,0,0,0,0,0,30,Medium,Sales,ZALO,30.3,0.013,0.005,35869,Cold
1,1,0,0,1,0,1,29,Medium,Sales,Web,699.5,0.19,0.054,7031,Warm
1,1,0,0,0,0,1,37,Micro,Director,ZALO,219.4,0.099,0.034,6636,Warm
0,0,0,0,1,1,0,43,Small,Marketing,FB,50.5,0.027,0.005,41532,Cold
1,1,1,0,1,1,0,46,Medium,CEO,Web,1560.4,0.527,0.285,590,Hot
1,1,1,1,1,1,1,52,Medium,Director,FB,3083.7,0.308,0.301,1689,Hot
0,0,0,0,1,1,0,39,Small,Assistant,Web,50.1,0.021,0.005,94906,Cold
1,1,1,1,1,1,1,40,Enterprise,Procurement,ZALO,892.0,0.393,0.323,1678,Hot
1,0,0,0,0,0,0,50,Medium,Marketing,FB,30.1,0.037,0.007,5994,Cold
1,0,0,1,1,1,1,35,Micro,Manager,ZALO,879.8,0.07,0.009,4822,Warm
1,1,0,0,0,0,0,36,Large,Manager,ZALO,794.6,0.173,0.026,5950,Warm
0,0,0,0,1,0,1,55,Medium,Manager,Web,261.3,0.137,0.053,4152,Warm
0,0,0,0,1,1,0,45,Micro,Sales,Web,99.0,0.039,0.005,20359,Cold
1,1,0,0,1,1,1,36,Enterprise,Procurement,FB,552.7,0.206,0.014,1655,Warm
1,0,0,0,0,0,0,59,Small,Sales,Web,120.1,0.096,0.076,4855,Warm
1,1,1,1,1,0,1,48,Enterprise,Director,Web,2214.6,0.307,0.067,1708,Hot
0,0,0,0,1,0,0,55,Small,Engineer,ZALO,19.8,0.031,0.001,70438,Cold
0,0,0,0,0,1,0,29,Enterprise,Marketing,FB,77.4,0.013,0.006,54096,Cold
1,1,0,0,1,0,1,49,Micro,Director,FB,180.5,0.057,0.013,5092,Warm
1,0,1,0,0,1,0,31,Large,Procurement,ZALO,862.4,0.202,0.014,4912,Warm
1,1,0,0,1,1,1,31,Micro,Procurement,ZALO,858.3,0.116,0.031,6672,Warm
1,1,1,0,1,0,1,34,Small,Procurement,ZALO,562.7,0.089,0.074,5836,Warm
1,1,1,0,1,1,1,39,Large,Director,ZALO,2106.7,0.357,0.188,1501,Hot
1,1,1,1,1,1,1,54,Large,CEO,Web,838.4,0.697,0.38,368,Hot
0,0,1,0,0,1,1,33,Large,Sales,Web,654.4,0.179,0.045,1621,Warm
1,1,0,0,1,1,0,58,Enterprise,Manager,Web,469.9,0.067,0.075,6856,Warm
0,0,1,0,1,0,0,48,Micro,Marketing,Web,314.8,0.149,0.062,1565,Warm
0,0,0,0,0,0,0,39,Enterprise,Assistant,ZALO,107.6,0.042,0.001,5144,Cold
1,0,0,1,0,0,0,56,Small,Manager,Web,521.2,0.064,0.014,4592,Warm
0,0,0,0,0,0,0,31,Enterprise,Engineer,FB,118.8,0.033,0.004,40267,Cold
1,0,1,0,0,0,0,46,Micro,Procurement,Web,275.2,0.135,0.055,2777,Warm
0,0,0,0,0,0,0,45,Enterprise,Sales,FB,17.6,0.005,0.0,44374,Cold
0,0,0,0,0,1,0,20,Large,Sales,ZALO,37.5,0.004,0.004,165503,Cold
0,0,0,0,1,1,1,35,Large,Marketing,ZALO,86.2,0.04,0.007,135283,Cold
0,1,0,0,0,0,0,37,Small,Sales,FB,600.8,0.05,0.009,3936,Warm
1,1,0,0,0,0,0,32,Medium,Marketing,ZALO,855.5,0.187,0.024,989,Warm
0,0,0,0,0,0,0,26,Large,Marketing,ZALO,114.1,0.018,0.003,28998,Cold
1,1,0,0,1,1,1,48,Small,Marketing,FB,575.8,0.049,0.013,5757,Warm
0,1,1,0,0,1,1,29,Enterprise,Director,ZALO,355.2,0.134,0.062,4970,Warm
0,0,0,0,1,1,1,47,Medium,Sales,Web,679.5,0.23,0.01,4032,Warm
1,1,0,0,1,0,1,28,Small,Sales,ZALO,654.1,0.221,0.078,1955,Warm
1,1,0,0,1,0,1,25,Enterprise,Sales,Web,672.0,0.146,0.028,2404,Warm
0,0,0,0,0,0,0,29,Medium,Marketing,ZALO,105.4,0.003,0.01,58643,Cold
0,0,0,0,0,1,1,33,Large,Director,ZALO,373.2,0.043,0.066,3512,Warm
1,0,0,0,1,0,1,26,Large,Engineer,Web,77.9,0.028,0.008,61439,Cold
0,0,0,0,1,0,0,47,Medium,Marketing,ZALO,15.8,0.009,0.002,49766,Cold
0,0,0,0,0,0,0,31,Large,Marketing,FB,21.5,0.021,0.005,172714,Cold
1,1,0,1,1,1,1,34,Large,Manager,FB,930.1,0.16,0.337,119,Hot
0,0,0,0,1,0,0,20,Micro,Engineer,Web,14.8,0.007,0.008,120077,Cold
1,1,1,1,1,0,1,45,Enterprise,Procurement,FB,663.6,0.183,0.232,240,Hot
1,0,1,0,1,0,1,39,Large,Manager,ZALO,252.3,0.054,0.013,2908,Warm
1,0,1,1,1,1,0,58,Medium,Director,FB,650.0,0.063,0.055,3070,Warm
0,1,0,0,1,0,1,29,Micro,Procurement,Web,234.3,0.063,0.039,7127,Warm
1,1,1,0,1,1,1,45,Medium,CEO,ZALO,3584.3,0.286,0.172,683,Hot
1,1,0,0,0,1,1,49,Large,Director,ZALO,540.2,0.138,0.045,2485,Warm
1,1,0,0,1,1,0,25,Small,Manager,ZALO,555.5,0.241,0.074,1088,Warm
1,1,1,1,1,1,0,57,Medium,Procurement,ZALO,1327.5,0.771,0.051,312,Hot
0,0,0,0,1,0,0,23,Micro,Assistant,ZALO,101.3,0.044,0.0,99346,Cold
0,0,0,0,1,0,0,50,Small,Engineer,ZALO,52.3,0.017,0.008,7062,Cold
0,0,0,0,0,0,0,20,Large,Sales,Web,114.0,0.023,0.007,71247,Cold
1,1,1,1,1,1,1,33,Enterprise,Manager,FB,2829.4,0.45,0.051,833,Hot
0,0,0,0,1,1,0,40,Large,Sales,FB,11.3,0.019,0.004,74357,Cold
0,0,0,0,1,0,0,54,Micro,Assistant,FB,73.7,0.038,0.003,148222,Cold
1,0,0,0,0,0,0,50,Micro,Assistant,ZALO,15.7,0.015,0.01,77630,Cold
1,1,1,1,1,1,1,36,Enterprise,CEO,ZALO,1821.9,0.706,0.067,1683,Hot
1,1,0,1,1,1,1,30,Large,Founder,FB,2647.1,0.209,0.262,1501,Hot
0,0,0,0,0,0,1,52,Enterprise,Engineer,ZALO,95.3,0.017,0.004,116558,Cold
0,0,0,0,0,1,0,29,Enterprise,Sales,FB,97.5,0.007,0.009,147028,Cold
1,1,1,1,1,1,1,38,Large,Founder,FB,1440.4,0.422,0.063,396,Hot
1,1,1,0,1,1,1,56,Micro,Marketing,ZALO,432.7,0.219,0.074,1656,Warm
1,1,0,0,1,0,1,27,Enterprise,Manager,Web,736.7,0.184,0.047,1866,Warm
1,1,1,0,1,1,0,52,Large,CEO,ZALO,1997.6,0.632,0.363,982,Hot
0,0,0,0,1,0,0,45,Medium,Assistant,ZALO,44.4,0.03,0.002,128438,Cold
0,0,0,0,1,0,0,22,Enterprise,Sales,FB,112.7,0.018,0.004,127701,Cold
0,0,0,0,1,0,0,31,Micro,Marketing,FB,36.5,0.004,0.009,121937,Cold
1,1,1,1,1,1,1,33,Large,Director,ZALO,1093.6,0.412,0.185,1003,Hot
1,1,0,1,1,1,1,37,Micro,Director,Web,232.8,0.176,0.067,6615,Warm
1,0,0,0,0,1,0,51,Medium,Director,Web,122.9,0.129,0.067,1629,Warm
1,1,0,0,0,1,1,49,Small,Marketing,FB,862.9,0.244,0.048,717,Warm
1,0,0,0,0,0,1,51,Large,Marketing,ZALO,766.0,0.124,0.078,3351,Warm
0,0,0,0,0,0,0,44,Medium,Sales,Web,37.6,0.031,0.009,29611,Cold
1,1,1,0,1,1,1,54,Medium,Manager,Web,2855.2,0.845,0.067,939,Hot
1,1,1,0,1,1,0,55,Micro,Marketing,ZALO,442.1,0.21,0.058,6671,Warm
1,1,0,0,1,0,1,51,Small,Manager,ZALO,145.5,0.036,0.064,4851,Warm
1,1,1,1,1,1,1,43,Enterprise,Manager,FB,2448.8,0.445,0.049,1213,Hot
1,0,0,0,1,0,0,33,Enterprise,Manager,Web,570.0,0.116,0.062,2731,Warm
1,1,0,1,1,0,0,28,Enterprise,Procurement,FB,683.5,0.681,0.371,191,Hot
0,1,1,0,1,0,1,39,Medium,Procurement,Web,775.6,0.19,0.066,3697,Warm
1,1,1,0,1,1,1,65,Medium,CEO,ZALO,3381.6,0.242,0.082,566,Hot
1,1,0,1,1,1,1,53,Medium,Manager,FB,1841.2,0.515,0.262,460,Hot
1,0,1,0,0,0,0,27,Micro,Marketing,ZALO,497.5,0.165,0.046,1897,Warm
0,0,0,0,1,1,0,48,Micro,Procurement,FB,375.5,0.078,0.06,1636,Warm
0,1,0,0,0,0,0,51,Large,Sales,FB,33.8,0.01,0.008,77284,Cold
1,1,0,1,1,1,1,41,Enterprise,Manager,ZALO,3248.6,0.468,0.306,1700,Hot
0,0,0,0,0,0,0,24,Large,Marketing,FB,115.2,0.013,0.004,161904,Cold
1,1,1,1,1,1,0,39,Large,Manager,FB,1673.2,0.204,0.273,791,Hot
0,0,0,0,0,0,0,40,Small,Assistant,ZALO,37.6,0.011,0.002,150651,Cold
0,0,0,0,1,0,0,46,Large,Engineer,ZALO,27.8,0.002,0.005,15866,Cold
1,1,1,0,1,0,1,52,Medium,Procurement,FB,1455.1,0.633,0.347,39,Hot
1,1,1,1,1,1,1,61,Medium,Director,Web,648.8,0.502,0.337,880,Hot
0,1,0,0,1,1,0,54,Large,Manager,ZALO,851.4,0.053,0.022,685,Warm
1,0,0,0,1,0,0,43,Enterprise,Assistant,Web,104.8,0.013,0.008,32646,Cold
0,0,0,0,0,0,0,30,Small,Sales,FB,19.5,0.043,0.008,111942,Cold
1,1,0,0,1,0,1,55,Small,Manager,ZALO,717.6,0.187,0.031,2585,Warm
1,0,0,1,0,0,0,49,Small,Sales,FB,385.6,0.209,0.062,4810,Warm
1,1,1,1,1,1,1,60,Medium,Founder,FB,3350.1,0.439,0.197,1300,Hot
1,0,0,0,1,1,1,34,Large,Manager,Web,206.0,0.034,0.04,2785,Warm
0,0,0,0,0,1,0,47,Small,Marketing,ZALO,62.8,0.025,0.001,75057,Cold
0,0,1,0,0,0,0,56,Enterprise,Sales,FB,651.3,0.172,0.077,2398,Warm
1,0,0,0,0,0,0,45,Large,Sales,FB,30.3,0.041,0.007,133406,Cold
0,0,0,0,0,0,0,26,Small,Sales,Web,40.1,0.045,0.002,86204,Cold
0,0,0,1,1,0,0,41,Micro,Procurement,Web,713.0,0.032,0.031,4481,Warm
1,0,0,0,1,1,1,58,Enterprise,Procurement,FB,724.7,0.052,0.065,3349,Warm
1,1,0,0,1,0,0,46,Enterprise,Director,ZALO,208.0,0.181,0.06,769,Warm
0,0,0,0,1,0,0,47,Medium,Marketing,Web,15.3,0.046,0.004,31893,Cold
1,1,1,1,1,1,1,61,Medium,Director,Web,1646.5,0.398,0.248,595,Hot
0,0,0,0,0,0,0,49,Enterprise,Engineer,ZALO,17.7,0.0,0.009,42169,Cold
0,1,0,0,1,0,1,25,Large,Manager,FB,340.8,0.16,0.009,3105,Warm
0,0,0,0,0,0,0,52,Enterprise,Marketing,FB,87.0,0.007,0.007,116859,Cold
0,0,0,0,1,1,0,31,Medium,Marketing,Web,362.4,0.154,0.056,3241,Warm
1,1,0,1,1,1,1,40,Large,Director,FB,1492.0,0.845,0.201,405,Hot
1,1,0,0,1,1,1,54,Medium,Sales,ZALO,448.0,0.12,0.007,5178,Warm
0,0,0,0,0,1,0,52,Medium,Marketing,Web,67.5,0.028,0.003,106533,Cold
0,0,0,0,1,0,0,25,Micro,Engineer,Web,17.3,0.03,0.008,151827,Cold
1,0,0,0,1,0,0,34,Enterprise,Sales,FB,294.4,0.179,0.069,3064,Warm
1,1,1,0,1,0,0,32,Enterprise,Manager,FB,279.3,0.134,0.067,4235,Warm
1,0,0,0,1,1,0,53,Enterprise,Manager,ZALO,234.1,0.035,0.016,6699,Warm
0,1,0,0,1,1,1,56,Medium,Marketing,ZALO,420.9,0.206,0.04,4080,Warm
0,0,0,0,0,0,0,48,Micro,Engineer,FB,58.8,0.036,0.003,45101,Cold
1,1,0,0,1,0,1,47,Enterprise,Marketing,ZALO,677.8,0.203,0.026,6847,Warm
1,0,1,0,1,1,0,57,Enterprise,Marketing,FB,664.3,0.16,0.049,5388,Warm
1,0,1,0,0,0,1,55,Medium,Procurement,Web,740.6,0.053,0.071,6565,Warm
1,1,1,1,1,0,1,35,Medium,CEO,ZALO,2890.1,0.605,0.341,386,Hot
0,0,0,0,1,0,0,36,Large,Sales,Web,37.9,0.01,0.002,142150,Cold
1,1,0,1,1,1,1,41,Medium,Founder,FB,1678.7,0.456,0.232,177,Hot
0,1,0,0,1,0,0,33,Enterprise,Sales,Web,45.5,0.031,0.006,39742,Cold
1,1,1,1,1,1,1,36,Enterprise,Director,FB,953.8,0.323,0.253,707,Hot
1,0,0,0,1,0,0,30,Medium,Assistant,Web,71.2,0.043,0.009,134684,Cold
0,0,0,0,1,0,1,36,Micro,Assistant,ZALO,53.5,0.01,0.009,19169,Cold
0,0,0,0,1,0,0,35,Large,Assistant,Web,109.0,0.035,0.008,12869,Cold
0,0,0,0,1,1,0,50,Small,Engineer,Web,9.8,0.002,0.005,95417,Cold
1,1,1,0,0,1,1,59,Enterprise,Sales,Web,653.2,0.034,0.041,3771,Warm
1,1,1,1,1,1,0,56,Medium,Procurement,ZALO,1655.4,0.407,0.37,517,Hot
0,0,0,0,1,1,0,22,Micro,Marketing,FB,13.8,0.006,0.002,15060,Cold
0,0,0,0,1,0,0,27,Micro,Assistant,ZALO,112.9,0.01,0.007,97174,Cold
1,1,1,1,1,1,1,63,Large,Founder,Web,3278.9,0.389,0.23,243,Hot
1,0,0,0,0,0,0,28,Enterprise,Marketing,ZALO,90.3,0.011,0.004,40814,Cold
0,0,0,0,1,1,0,22,Medium,Engineer,Web,49.2,0.041,0.001,76762,Cold
1,1,1,0,1,1,1,42,Medium,Manager,FB,2579.8,0.549,0.274,94,Hot
1,0,0,1,1,1,1,38,Micro,Marketing,Web,766.8,0.125,0.037,6573,Warm
1,1,1,1,1,1,1,46,Enterprise,Manager,ZALO,2317.8,0.576,0.222,362,Hot
1,1,1,1,1,0,1,45,Enterprise,Director,FB,3596.4,0.729,0.139,1199,Hot
1,0,0,0,1,1,0,45,Medium,Procurement,ZALO,480.9,0.127,0.04,3538,Warm
1,0,0,1,1,1,0,29,Large,Procurement,ZALO,717.5,0.091,0.07,1642,Warm
0,0,0,0,0,0,0,31,Enterprise,Sales,Web,41.5,0.028,0.002,71509,Cold
1,1,0,1,1,1,1,30,Enterprise,Founder,ZALO,927.5,0.53,0.072,188,Hot
0,0,0,0,1,0,0,38,Small,Assistant,ZALO,74.8,0.018,0.01,101829,Cold
1,1,0,0,1,1,0,38,Medium,Director,Web,729.1,0.142,0.049,3418,Warm
1,1,1,1,1,1,1,33,Medium,Founder,Web,2110.5,0.581,0.233,886,Hot
0,1,0,0,1,1,0,37,Enterprise,Marketing,FB,376.4,0.206,0.078,2491,Warm
1,0,0,0,1,0,0,57,Micro,Marketing,Web,497.6,0.081,0.064,2482,Warm
1,0,0,0,1,1,0,41,Medium,Marketing,ZALO,212.0,0.12,0.043,1815,Warm
1,1,1,1,0,0,0,60,Large,Manager,FB,798.2,0.213,0.007,1967,Warm
1,1,0,1,1,1,1,50,Medium,Manager,Web,2270.8,0.684,0.074,1719,Hot
1,1,1,1,1,1,0,50,Large,Manager,Web,1949.3,0.776,0.137,1007,Hot
1,1,0,0,1,0,0,48,Large,Sales,ZALO,462.1,0.142,0.049,6932,Warm
0,0,0,0,0,1,0,47,Medium,Engineer,ZALO,41.6,0.009,0.001,58828,Cold
0,1,0,0,0,0,0,39,Small,Marketing,ZALO,891.3,0.196,0.074,6059,Warm
0,0,0,0,0,0,0,22,Enterprise,Marketing,FB,61.2,0.041,0.004,77482,Cold
1,1,1,1,1,1,1,46,Medium,CEO,ZALO,3266.6,0.52,0.062,310,Hot
1,1,1,0,1,1,0,42,Enterprise,CEO,ZALO,1070.2,0.402,0.198,1536,Hot
1,1,0,1,1,1,1,45,Small,Director,Web,773.4,0.168,0.076,5738,Warm
0,0,0,0,1,0,0,29,Large,Marketing,Web,62.1,0.007,0.006,26855,Cold
1,1,1,1,1,0,0,63,Enterprise,Founder,Web,1134.3,0.464,0.127,808,Hot
0,0,0,1,1,1,1,56,Large,Sales,Web,398.6,0.136,0.012,1520,Warm
1,1,1,1,1,1,1,43,Enterprise,Manager,FB,1128.6,0.867,0.274,741,Hot
1,1,0,0,1,0,0,43,Medium,Director,FB,814.1,0.202,0.01,6922,Warm
0,0,0,0,1,0,0,23,Medium,Sales,Web,30.2,0.032,0.0,120945,Cold
1,0,0,0,1,1,0,59,Micro,Manager,ZALO,190.4,0.185,0.073,6881,Warm
1,1,0,0,1,0,1,38,Enterprise,Manager,Web,1288.0,0.751,0.367,708,Hot
1,0,0,0,1,1,1,56,Micro,Procurement,ZALO,355.1,0.081,0.063,2625,Warm
0,0,0,0,0,0,0,37,Micro,Assistant,FB,63.0,0.035,0.007,8883,Cold
1,0,0,0,0,0,0,32,Enterprise,Engineer,ZALO,53.9,0.037,0.003,123899,Cold
0,0,0,0,0,0,0,46,Enterprise,Engineer,ZALO,37.7,0.035,0.005,103846,Cold
0,0,0,0,0,0,0,34,Enterprise,Assistant,ZALO,93.7,0.022,0.005,32160,Cold
1,1,1,0,0,1,0,40,Micro,Procurement,ZALO,600.9,0.134,0.059,5241,Warm
1,1,0,1,1,1,1,37,Medium,Director,Web,2295.9,0.455,0.032,1443,Hot
0,0,0,0,0,1,0,49,Large,Assistant,FB,54.0,0.004,0.001,7171,Cold
0,0,0,0,0,1,0,47,Large,Marketing,Web,97.4,0.024,0.007,147015,Cold
0,0,1,0,1,0,0,48,Enterprise,Procurement,FB,346.4,0.181,0.065,6452,Warm
1,1,0,0,1,1,1,35,Enterprise,Sales,FB,367.8,0.069,0.04,645,Warm
0,0,0,0,0,0,0,49,Enterprise,Marketing,FB,45.3,0.028,0.002,168441,Cold
0,0,0,0,1,0,0,43,Enterprise,Sales,ZALO,69.5,0.032,0.002,158956,Cold
0,0,0,0,0,0,0,44,Medium,Engineer,Web,105.2,0.033,0.005,47666,Cold
0,0,0,0,1,0,0,50,Micro,Engineer,FB,108.0,0.003,0.005,118861,Cold
1,0,0,0,1,1,1,47,Medium,Director,ZALO,533.9,0.224,0.068,1960,Warm
1,1,1,1,1,1,1,59,Enterprise,Director,Web,960.7,0.825,0.271,394,Hot
0,0,0,0,0,0,0,55,Small,Sales,ZALO,25.6,0.037,0.0,119488,Cold
0,1,0,1,1,1,0,42,Micro,Marketing,Web,493.4,0.04,0.057,2672,Warm
0,0,0,0,0,0,0,49,Large,Marketing,ZALO,91.2,0.032,0.005,30833,Cold
0,0,0,0,0,0,0,28,Micro,Sales,FB,11.4,0.032,0.001,29152,Cold
1,1,1,1,1,1,1,49,Enterprise,Director,Web,1107.6,0.89,0.297,780,Hot
1,1,1,0,0,1,1,42,Micro,Procurement,ZALO,154.7,0.164,0.057,3952,Warm
0,0,0,0,0,0,0,41,Large,Assistant,Web,112.0,0.004,0.009,51441,Cold
0,1,1,0,1,0,0,30,Small,Marketing,Web,621.0,0.228,0.019,6791,Warm
1,0,0,0,1,0,1,42,Small,Procurement,ZALO,322.3,0.127,0.012,3509,Warm
1,1,0,0,1,0,1,49,Small,Director,Web,284.3,0.184,0.031,6187,Warm
1,1,1,1,1,1,1,45,Medium,Procurement,FB,1374.6,0.501,0.042,266,Hot
1,1,0,0,1,1,1,45,Micro,Marketing,FB,243.8,0.135,0.03,1420,Warm
0,0,0,0,0,0,0,49,Enterprise,Sales,Web,50.9,0.042,0.003,101436,Cold
1,1,0,1,1,1,1,31,Large,Sales,ZALO,864.1,0.118,0.007,4795,Warm
0,0,0,0,0,0,1,28,Small,Engineer,FB,116.6,0.015,0.008,94328,Cold
0,0,0,1,1,0,0,38,Large,Manager,Web,310.9,0.181,0.068,3665,Warm
0,0,0,0,0,0,0,50,Large,Sales,Web,32.9,0.046,0.004,87055,Cold
1,1,0,1,1,1,1,55,Enterprise,Manager,Web,815.0,0.516,0.304,1231,Hot
1,0,0,0,0,0,0,20,Enterprise,Sales,FB,79.2,0.007,0.002,58973,Cold
0,0,0,0,0,0,0,50,Micro,Engineer,ZALO,25.6,0.02,0.005,31500,Cold
0,1,0,1,1,0,0,57,Large,Sales,FB,499.2,0.241,0.035,6918,Warm
0,0,0,0,0,1,1,52,Medium,Sales,Web,43.5,0.027,0.004,50481,Cold
1,1,1,1,1,1,1,49,Enterprise,Procurement,ZALO,1192.8,0.76,0.299,961,Hot
1,0,1,0,0,1,0,52,Medium,Marketing,FB,543.3,0.069,0.032,743,Warm
0,0,0,0,1,0,0,59,Micro,Procurement,Web,232.8,0.139,0.072,3429,Warm
1,1,1,0,1,1,1,61,Enterprise,Manager,FB,829.6,0.43,0.084,1512,Hot
1,0,1,0,1,1,0,26,Small,Marketing,Web,629.3,0.224,0.068,4150,Warm
1,1,1,1,1,1,1,62,Medium,CEO,ZALO,2320.0,0.311,0.376,592,Hot
1,0,0,0,1,1,0,51,Small,Manager,ZALO,632.6,0.09,0.04,7073,Warm
1,1,1,0,1,0,1,32,Enterprise,Director,Web,2736.1,0.77,0.248,1330,Hot
1,1,0,0,1,1,0,56,Small,Director,Web,252.6,0.116,0.035,6012,Warm
1,1,1,1,1,1,1,41,Enterprise,Procurement,ZALO,1512.1,0.713,0.197,987,Hot
0,0,0,0,0,0,1,21,Medium,Sales,FB,48.2,0.027,0.004,35973,Cold
0,1,0,0,0,0,0,45,Enterprise,Sales,ZALO,91.4,0.021,0.006,87329,Cold
1,1,1,1,1,1,1,48,Enterprise,Procurement,Web,1776.5,0.794,0.213,980,Hot
1,0,0,0,1,0,0,41,Large,Marketing,Web,109.3,0.019,0.007,113246,Cold
1,1,0,0,1,1,1,26,Medium,Director,FB,249.8,0.168,0.056,3633,Warm
0,0,0,0,0,0,0,30,Large,Engineer,Web,105.6,0.009,0.009,55972,Cold
0,0,0,0,0,0,0,48,Small,Marketing,ZALO,62.5,0.006,0.006,90437,Cold
1,1,1,0,1,1,0,30,Enterprise,Manager,Web,3586.6,0.797,0.056,884,Hot
1,1,1,1,1,1,1,62,Enterprise,CEO,ZALO,2042.4,0.695,0.138,845,Hot
1,1,1,0,1,1,1,56,Large,CEO,FB,1038.0,0.347,0.335,1573,Hot
1,1,1,1,1,1,0,43,Large,Founder,ZALO,891.4,0.632,0.057,1482,Hot
0,0,0,0,1,1,1,27,Small,Procurement,Web,345.0,0.079,0.033,3571,Warm
1,1,0,0,1,1,0,33,Small,Director,ZALO,790.1,0.087,0.022,2333,Warm
0,0,0,0,1,1,0,35,Medium,Procurement,Web,785.0,0.099,0.033,4575,Warm
1,1,0,0,1,0,0,38,Small,Procurement,ZALO,594.7,0.19,0.014,2213,Warm
1,1,1,0,1,1,1,39,Small,Marketing,Web,145.6,0.168,0.076,4756,Warm
0,0,0,0,1,1,1,23,Large,Marketing,FB,34.4,0.037,0.007,67848,Cold
0,0,0,0,1,0,0,32,Micro,Marketing,Web,39.8,0.01,0.002,155976,Cold
0,1,0,0,0,0,0,55,Small,Manager,Web,579.7,0.162,0.027,678,Warm
1,0,1,0,0,1,1,54,Micro,Marketing,ZALO,589.1,0.138,0.018,4755,Warm
0,1,0,0,1,1,1,53,Micro,Procurement,ZALO,125.1,0.227,0.043,4661,Warm
0,0,0,0,0,1,0,54,Small,Marketing,FB,92.7,0.011,0.005,87490,Cold
1,1,1,1,1,1,1,37,Large,Founder,FB,2899.2,0.739,0.345,1279,Hot
1,1,0,0,1,1,0,41,Large,Marketing,ZALO,233.1,0.103,0.032,6704,Warm
0,0,0,0,1,0,1,23,Large,Engineer,Web,97.6,0.049,0.008,8706,Cold
1,1,1,1,1,1,1,29,Large,Manager,ZALO,1577.1,0.57,0.104,470,Hot
1,0,0,0,1,1,1,27,Large,Sales,FB,338.5,0.163,0.033,1430,Warm
0,0,0,0,0,0,0,24,Medium,Sales,FB,105.5,0.029,0.006,150882,Cold
0,0,0,0,1,0,0,38,Micro,Marketing,FB,105.1,0.035,0.007,98294,Cold
1,1,1,1,1,0,1,57,Large,Director,FB,2633.0,0.678,0.124,1561,Hot
1,1,0,1,1,1,1,31,Enterprise,CEO,Web,1720.4,0.574,0.398,1062,Hot
1,1,1,1,1,1,1,32,Enterprise,CEO,Web,876.4,0.569,0.072,354,Hot
1,1,1,0,1,1,1,40,Medium,Manager,ZALO,1997.1,0.817,0.398,341,Hot
0,1,0,0,1,1,0,26,Large,Director,ZALO,125.0,0.212,0.006,2445,Warm
0,0,0,0,0,0,0,32,Enterprise,Engineer,Web,104.7,0.008,0.008,57639,Cold
0,0,0,0,1,0,0,42,Micro,Engineer,ZALO,111.8,0.033,0.002,46405,Cold
0,1,0,0,0,1,0,49,Micro,Sales,Web,786.3,0.076,0.009,4192,Warm
0,0,1,0,0,1,1,32,Small,Procurement,FB,853.7,0.193,0.032,3195,Warm
0,0,0,0,1,1,0,49,Large,Sales,FB,396.7,0.238,0.068,4156,Warm
1,1,1,0,1,1,1,52,Large,CEO,ZALO,2788.9,0.823,0.047,1765,Hot
0,0,0,0,0,0,0,23,Enterprise,Marketing,Web,81.0,0.019,0.004,44883,Cold
0,1,0,0,1,0,1,35,Micro,Sales,FB,358.7,0.168,0.073,2772,Warm
0,0,0,0,1,0,0,59,Large,Director,Web,529.7,0.065,0.006,2424,Warm
1,0,0,0,0,1,0,54,Large,Marketing,Web,98.1,0.0,0.005,70934,Cold
0,0,0,0,0,0,0,32,Small,Marketing,Web,19.9,0.047,0.002,25145,Cold
1,0,0,0,1,1,0,54,Enterprise,Director,Web,570.2,0.224,0.062,1678,Warm
0,0,0,0,1,1,0,44,Micro,Marketing,FB,6.6,0.032,0.008,65945,Cold
0,0,0,0,0,0,0,45,Large,Marketing,ZALO,76.5,0.027,0.001,76818,Cold
1,0,1,0,1,1,1,54,Micro,Marketing,Web,325.0,0.202,0.037,808,Warm
1,1,0,0,1,1,0,63,Enterprise,Director,FB,3219.9,0.38,0.191,199,Hot
1,1,1,0,1,1,1,60,Medium,Founder,Web,1265.6,0.163,0.301,754,Hot
1,1,0,0,1,1,1,58,Small,Marketing,FB,198.1,0.066,0.053,5664,Warm
1,0,0,0,0,1,0,32,Medium,Assistant,ZALO,39.1,0.045,0.01,128523,Cold
0,1,0,0,1,0,1,29,Micro,Sales,FB,232.2,0.211,0.062,2586,Warm
0,1,0,0,1,0,1,33,Large,Manager,Web,696.9,0.238,0.016,4232,Warm
0,0,0,0,0,0,0,50,Small,Sales,ZALO,99.6,0.027,0.006,43885,Cold
1,0,0,0,0,0,1,44,Medium,Assistant,Web,58.7,0.029,0.009,131343,Cold
1,1,1,0,1,1,1,51,Medium,Manager,Web,3489.7,0.466,0.266,1606,Hot
0,0,0,0,0,0,0,36,Medium,Assistant,FB,16.6,0.04,0.002,133355,Cold
0,0,0,0,1,1,0,44,Enterprise,Sales,FB,74.2,0.03,0.008,29441,Cold
0,1,0,0,1,0,0,27,Medium,Sales,ZALO,567.2,0.145,0.076,7196,Warm
1,1,0,0,0,1,0,51,Micro,Sales,ZALO,399.7,0.18,0.031,2637,Warm
0,0,0,0,0,0,0,30,Small,Engineer,Web,51.2,0.017,0.008,134629,Cold
1,1,1,1,1,1,1,42,Large,Director,FB,3342.5,0.218,0.18,1303,Hot
0,0,0,0,1,1,1,35,Small,Marketing,FB,207.0,0.158,0.073,6336,Warm
0,1,0,0,0,0,1,50,Medium,Procurement,Web,385.3,0.108,0.015,3755,Warm
1,0,0,0,1,0,0,25,Medium,Marketing,ZALO,100.0,0.012,0.002,75371,Cold
0,0,0,0,0,1,0,33,Small,Assistant,ZALO,33.0,0.001,0.006,118668,Cold
1,1,0,0,1,1,1,49,Medium,Marketing,ZALO,456.4,0.11,0.074,2522,Warm
0,1,0,0,0,1,1,35,Enterprise,Marketing,FB,117.8,0.039,0.005,128311,Cold
0,1,0,0,1,1,1,39,Large,Marketing,Web,772.6,0.131,0.038,5441,Warm
1,0,0,0,0,0,1,34,Micro,Marketing,FB,864.7,0.091,0.024,6561,Warm
0,0,0,0,1,0,0,48,Medium,Engineer,ZALO,31.7,0.04,0.005,110329,Cold
0,0,0,0,0,0,0,42,Enterprise,Assistant,FB,75.6,0.026,0.007,54618,Cold
0,0,0,0,0,0,0,51,Micro,Engineer,FB,15.8,0.02,0.007,105167,Cold
1,1,1,1,1,1,1,47,Large,Founder,Web,1891.1,0.339,0.064,563,Hot
0,1,0,0,1,1,0,28,Enterprise,Manager,Web,411.1,0.067,0.077,4934,Warm
0,0,0,0,1,0,0,24,Small,Marketing,Web,76.4,0.009,0.002,94104,Cold
0,0,0,0,0,0,0,31,Enterprise,Marketing,ZALO,8.5,0.002,0.005,35131,Cold
1,1,1,0,1,1,1,61,Medium,CEO,ZALO,1179.5,0.266,0.257,720,Hot
1,1,1,1,1,1,1,35,Enterprise,Procurement,FB,1615.0,0.424,0.119,1704,Hot
1,0,0,1,1,1,1,31,Enterprise,Manager,Web,630.7,0.231,0.047,6352,Warm
1,1,0,0,1,0,1,52,Large,Sales,ZALO,184.3,0.035,0.013,5197,Warm
1,1,0,0,1,0,1,37,Micro,Marketing,Web,703.3,0.156,0.018,3169,Warm
1,0,0,0,1,0,1,52,Enterprise,Director,FB,516.8,0.18,0.008,2357,Warm
1,0,0,0,1,0,0,33,Enterprise,Assistant,FB,111.0,0.01,0.007,79737,Cold
0,0,0,0,1,1,1,34,Medium,Sales,FB,22.9,0.03,0.006,71281,Cold
1,1,1,1,1,1,1,41,Enterprise,Director,ZALO,2670.8,0.462,0.183,599,Hot
1,1,0,1,1,1,0,53,Medium,Manager,FB,2588.9,0.317,0.266,266,Hot
0,0,0,0,0,0,0,45,Medium,Engineer,ZALO,103.4,0.013,0.008,107122,Cold
1,1,1,1,1,1,1,36,Enterprise,CEO,ZALO,2036.5,0.234,0.044,824,Hot
0,0,0,0,0,0,0,29,Large,Assistant,Web,112.4,0.038,0.002,58763,Cold
0,0,0,1,1,0,0,28,Large,Sales,FB,858.5,0.141,0.022,5738,Warm
0,0,0,0,1,0,0,53,Medium,Marketing,FB,67.9,0.016,0.001,20673,Cold
1,1,0,1,1,0,0,39,Micro,Sales,FB,558.9,0.209,0.063,1580,Warm
1,1,1,0,1,1,0,58,Enterprise,Manager,ZALO,2656.8,0.44,0.367,516,Hot
1,0,1,0,1,0,1,48,Small,Procurement,ZALO,616.9,0.068,0.078,2707,Warm
1,1,1,0,1,1,0,57,Large,Procurement,FB,3562.5,0.244,0.262,456,Hot
1,1,1,1,1,1,1,52,Large,Director,ZALO,1578.0,0.449,0.298,451,Hot
0,0,0,0,1,0,0,43,Large,Sales,ZALO,79.1,0.011,0.001,32081,Cold
1,1,1,1,1,0,0,35,Large,Director,ZALO,260.6,0.127,0.057,3761,Warm
0,1,0,0,1,1,1,34,Large,Marketing,ZALO,311.6,0.192,0.062,4586,Warm
1,0,0,0,1,1,0,24,Micro,Assistant,FB,110.8,0.043,0.003,27179,Cold
1,0,0,0,0,0,0,43,Enterprise,Engineer,Web,109.0,0.022,0.003,49532,Cold
0,0,0,0,1,0,0,54,Enterprise,Sales,FB,69.6,0.031,0.007,77323,Cold
1,1,0,0,1,1,0,49,Large,Sales,ZALO,253.0,0.034,0.057,3568,Warm
1,1,1,0,1,1,1,64,Large,Director,FB,3259.5,0.202,0.08,644,Hot
1,0,1,1,0,1,0,30,Medium,Director,ZALO,132.4,0.226,0.036,1984,Warm
0,1,1,1,0,0,0,40,Medium,Marketing,ZALO,897.0,0.104,0.025,6823,Warm
1,0,0,1,1,0,1,44,Large,Procurement,ZALO,416.4,0.038,0.055,6308,Warm
1,1,1,0,1,0,0,41,Enterprise,Procurement,ZALO,339.7,0.048,0.039,6103,Warm
0,0,0,0,0,0,0,26,Small,Assistant,FB,47.9,0.008,0.008,26507,Cold
1,1,0,0,1,1,1,32,Medium,Procurement,Web,3496.9,0.877,0.263,707,Hot
1,1,0,0,1,1,1,33,Medium,CEO,Web,3454.2,0.153,0.323,507,Hot
0,0,0,0,0,0,0,51,Enterprise,Marketing,ZALO,38.1,0.034,0.009,19660,Cold
1,0,1,0,1,1,0,32,Micro,Procurement,FB,781.9,0.196,0.022,3833,Warm
1,1,0,0,1,1,1,58,Micro,Marketing,ZALO,708.4,0.044,0.01,3419,Warm
1,1,0,1,1,1,1,56,Medium,CEO,ZALO,2364.4,0.837,0.164,1424,Hot
1,1,0,0,1,1,0,44,Large,Marketing,Web,899.3,0.072,0.049,949,Warm
1,1,0,0,1,0,1,54,Large,Procurement,FB,695.5,0.115,0.076,1742,Warm
1,1,1,1,1,0,1,55,Enterprise,Founder,FB,2378.8,0.288,0.065,831,Hot
0,0,0,0,1,1,0,37,Large,Director,Web,509.3,0.126,0.069,4592,Warm
1,1,0,1,1,0,1,58,Enterprise,Director,FB,1305.5,0.858,0.327,882,Hot
1,1,0,0,1,1,1,58,Medium,Marketing,Web,411.2,0.181,0.015,5231,Warm
1,1,0,1,1,1,1,48,Enterprise,Founder,ZALO,2501.6,0.826,0.206,604,Hot
1,0,0,0,1,1,1,39,Enterprise,Director,FB,754.4,0.085,0.047,758,Warm
1,0,0,0,0,0,0,49,Enterprise,Engineer,FB,56.7,0.039,0.008,76006,Cold
1,1,0,0,0,0,1,60,Small,Marketing,ZALO,498.1,0.099,0.071,2238,Warm
1,1,1,1,1,1,0,31,Enterprise,Founder,Web,2996.5,0.362,0.323,896,Hot
1,0,0,0,0,1,0,48,Large,Procurement,ZALO,608.2,0.152,0.05,6813,Warm
1,0,0,0,0,0,0,28,Medium,Assistant,FB,11.0,0.016,0.005,40759,Cold
0,0,0,0,0,0,0,40,Enterprise,Assistant,Web,37.5,0.028,0.006,137741,Cold
0,0,0,0,0,0,0,53,Small,Marketing,FB,91.8,0.049,0.003,111771,Cold
0,0,0,0,0,0,0,29,Enterprise,Assistant,FB,56.6,0.006,0.009,71955,Cold
0,0,0,0,0,0,0,50,Micro,Assistant,FB,92.2,0.047,0.01,39690,Cold
1,1,0,0,1,0,1,51,Enterprise,Manager,FB,276.1,0.038,0.022,4626,Warm
0,0,0,0,0,1,0,33,Small,Assistant,Web,90.6,0.014,0.006,137524,Cold
1,1,0,0,1,0,1,53,Micro,Sales,Web,874.8,0.178,0.063,2276,Warm
0,0,0,0,1,1,0,39,Small,Engineer,ZALO,58.3,0.032,0.002,69747,Cold
0,0,0,0,1,1,0,44,Medium,Sales,ZALO,74.2,0.008,0.005,150618,Cold
1,1,1,0,0,0,0,28,Micro,Marketing,FB,356.7,0.114,0.048,1906,Warm
0,0,0,0,1,0,0,37,Large,Assistant,ZALO,93.6,0.045,0.003,72471,Cold
1,1,1,0,1,1,1,55,Small,Manager,FB,187.2,0.082,0.07,5349,Warm
0,0,0,0,1,0,0,49,Micro,Manager,ZALO,457.3,0.132,0.018,708,Warm
0,0,0,0,1,0,1,26,Medium,Procurement,FB,657.9,0.208,0.08,961,Warm
1,1,1,1,1,1,1,42,Enterprise,CEO,ZALO,1692.1,0.599,0.199,997,Hot
1,1,0,0,1,1,0,50,Medium,Sales,ZALO,718.5,0.062,0.055,4651,Warm
1,1,0,0,0,1,1,53,Enterprise,Procurement,FB,387.9,0.232,0.079,1788,Warm
1,1,0,0,0,1,0,50,Micro,Sales,FB,892.6,0.15,0.044,5314,Warm
1,0,0,0,0,0,0,41,Large,Assistant,ZALO,89.2,0.04,0.005,107136,Cold
1,0,0,0,1,0,1,54,Small,Procurement,Web,120.5,0.205,0.043,1483,Warm
1,1,0,0,1,0,1,37,Micro,Manager,FB,350.7,0.076,0.067,6174,Warm
0,1,0,0,0,0,0,39,Medium,Sales,ZALO,29.0,0.021,0.006,129020,Cold
1,1,1,0,1,0,0,49,Enterprise,Manager,ZALO,657.1,0.166,0.031,6210,Warm
0,0,0,1,1,1,0,31,Large,Sales,Web,383.2,0.163,0.04,3244,Warm
0,0,0,0,0,0,0,28,Enterprise,Assistant,Web,56.1,0.025,0.005,151724,Cold
1,1,0,0,1,0,1,43,Small,Manager,ZALO,588.9,0.124,0.057,1229,Warm
0,0,0,0,1,1,1,44,Micro,Engineer,FB,30.7,0.043,0.006,132929,Cold
0,0,0,0,1,0,0,21,Large,Sales,ZALO,96.3,0.021,0.007,100144,Cold
0,1,0,0,1,0,0,47,Large,Sales,Web,837.0,0.229,0.071,1591,Warm
0,0,0,0,0,0,0,55,Medium,Sales,FB,116.6,0.033,0.006,33969,Cold
0,0,0,0,0,0,1,32,Enterprise,Marketing,Web,533.8,0.097,0.066,3217,Warm
1,1,1,1,1,0,1,58,Medium,CEO,FB,1763.6,0.625,0.23,1676,Hot
0,0,0,0,0,0,0,24,Enterprise,Marketing,FB,77.1,0.021,0.006,62672,Cold
1,1,1,1,1,0,1,53,Medium,Founder,Web,2779.5,0.43,0.196,1742,Hot
1,1,1,0,1,1,1,54,Enterprise,Founder,FB,2396.9,0.366,0.316,916,Hot
1,1,0,0,1,0,0,42,Large,Marketing,ZALO,772.3,0.163,0.074,4449,Warm
1,1,0,0,1,1,1,33,Large,Marketing,FB,659.3,0.245,0.045,5649,Warm
0,0,0,0,1,0,1,40,Enterprise,Procurement,ZALO,878.4,0.072,0.03,6138,Warm
0,1,0,0,1,0,1,43,Small,Marketing,Web,543.4,0.101,0.065,5365,Warm
0,1,0,0,1,1,0,56,Medium,Procurement,ZALO,497.8,0.09,0.048,5002,Warm
0,0,0,0,0,0,0,45,Micro,Assistant,FB,98.4,0.013,0.005,147948,Cold
0,1,0,0,1,1,1,55,Large,Sales,ZALO,213.2,0.07,0.032,7164,Warm
